0 verbose cli C:\Program Files\nodejs\node.exe C:\Program Files\nodejs\node_modules\npm\bin\npm-cli.js
1 info using npm@10.8.2
2 info using node@v20.19.0
3 silly config load:file:C:\Program Files\nodejs\node_modules\npm\npmrc
4 silly config load:file:C:\Users\gujar\Desktop\Capgemini_Project\frontend\.npmrc
5 silly config load:file:C:\Users\gujar\.npmrc
6 silly config load:file:C:\Users\gujar\AppData\Roaming\npm\etc\npmrc
7 verbose title npm install
8 verbose argv "install" "--legacy-peer-deps" "--cache" ".\\.npm-cache"
9 verbose logfile logs-max:10 dir:C:\Users\gujar\Desktop\Capgemini_Project\frontend\.npm-cache\_logs\2026-05-13T13_05_38_558Z-
10 verbose logfile C:\Users\gujar\Desktop\Capgemini_Project\frontend\.npm-cache\_logs\2026-05-13T13_05_38_558Z-debug-0.log
11 silly packumentCache heap:4345298944 maxSize:1086324736 maxEntrySize:543162368
12 silly logfile done cleaning log files
13 silly idealTree buildDeps
14 silly reify moves {}
15 verbose reify failed optional dependency C:\Users\gujar\Desktop\Capgemini_Project\frontend\node_modules\@tailwindcss\oxide-wasm32-wasi
16 silly reify mark deleted [
16 silly reify   'C:\\Users\\gujar\\Desktop\\Capgemini_Project\\frontend\\node_modules\\@tailwindcss\\oxide-wasm32-wasi'
16 silly reify ]
17 silly audit bulk request {
17 silly audit   '@alloc/quick-lru': [ '5.2.0' ],
17 silly audit   '@babel/runtime': [ '7.28.6' ],
17 silly audit   '@emnapi/runtime': [ '1.8.1' ],
17 silly audit   '@floating-ui/core': [ '1.7.4' ],
17 silly audit   '@floating-ui/dom': [ '1.7.5' ],
17 silly audit   '@floating-ui/react-dom': [ '2.1.7' ],
17 silly audit   '@floating-ui/utils': [ '0.2.10' ],
17 silly audit   '@hookform/resolvers': [ '3.10.0' ],
17 silly audit   '@img/colour': [ '1.0.0' ],
17 silly audit   '@img/sharp-darwin-arm64': [ '0.34.5' ],
17 silly audit   '@img/sharp-darwin-x64': [ '0.34.5' ],
17 silly audit   '@img/sharp-libvips-darwin-arm64': [ '1.2.4' ],
17 silly audit   '@img/sharp-libvips-darwin-x64': [ '1.2.4' ],
17 silly audit   '@img/sharp-libvips-linux-arm': [ '1.2.4' ],
17 silly audit   '@img/sharp-libvips-linux-arm64': [ '1.2.4' ],
17 silly audit   '@img/sharp-libvips-linux-ppc64': [ '1.2.4' ],
17 silly audit   '@img/sharp-libvips-linux-riscv64': [ '1.2.4' ],
17 silly audit   '@img/sharp-libvips-linux-s390x': [ '1.2.4' ],
17 silly audit   '@img/sharp-libvips-linux-x64': [ '1.2.4' ],
17 silly audit   '@img/sharp-libvips-linuxmusl-arm64': [ '1.2.4' ],
17 silly audit   '@img/sharp-libvips-linuxmusl-x64': [ '1.2.4' ],
17 silly audit   '@img/sharp-linux-arm': [ '0.34.5' ],
17 silly audit   '@img/sharp-linux-arm64': [ '0.34.5' ],
17 silly audit   '@img/sharp-linux-ppc64': [ '0.34.5' ],
17 silly audit   '@img/sharp-linux-riscv64': [ '0.34.5' ],
17 silly audit   '@img/sharp-linux-s390x': [ '0.34.5' ],
17 silly audit   '@img/sharp-linux-x64': [ '0.34.5' ],
17 silly audit   '@img/sharp-linuxmusl-arm64': [ '0.34.5' ],
17 silly audit   '@img/sharp-linuxmusl-x64': [ '0.34.5' ],
17 silly audit   '@img/sharp-wasm32': [ '0.34.5' ],
17 silly audit   '@img/sharp-win32-arm64': [ '0.34.5' ],
17 silly audit   '@img/sharp-win32-ia32': [ '0.34.5' ],
17 silly audit   '@img/sharp-win32-x64': [ '0.34.5' ],
17 silly audit   '@jridgewell/gen-mapping': [ '0.3.13' ],
17 silly audit   '@jridgewell/remapping': [ '2.3.5' ],
17 silly audit   '@jridgewell/resolve-uri': [ '3.1.2' ],
17 silly audit   '@jridgewell/sourcemap-codec': [ '1.5.5' ],
17 silly audit   '@jridgewell/trace-mapping': [ '0.3.31' ],
17 silly audit   '@next/env': [ '16.1.6' ],
17 silly audit   '@next/swc-darwin-arm64': [ '16.1.6' ],
17 silly audit   '@next/swc-darwin-x64': [ '16.1.6' ],
17 silly audit   '@next/swc-linux-arm64-gnu': [ '16.1.6' ],
17 silly audit   '@next/swc-linux-arm64-musl': [ '16.1.6' ],
17 silly audit   '@next/swc-linux-x64-gnu': [ '16.1.6' ],
17 silly audit   '@next/swc-linux-x64-musl': [ '16.1.6' ],
17 silly audit   '@next/swc-win32-arm64-msvc': [ '16.1.6' ],
17 silly audit   '@next/swc-win32-x64-msvc': [ '16.1.6' ],
17 silly audit   '@nodelib/fs.scandir': [ '2.1.5' ],
17 silly audit   '@nodelib/fs.stat': [ '2.0.5' ],
17 silly audit   '@nodelib/fs.walk': [ '1.2.8' ],
17 silly audit   '@radix-ui/number': [ '1.1.0' ],
17 silly audit   '@radix-ui/primitive': [ '1.1.1', '1.1.3' ],
17 silly audit   '@radix-ui/react-accordion': [ '1.2.2' ],
17 silly audit   '@radix-ui/react-alert-dialog': [ '1.1.4' ],
17 silly audit   '@radix-ui/react-arrow': [ '1.1.1' ],
17 silly audit   '@radix-ui/react-aspect-ratio': [ '1.1.1' ],
17 silly audit   '@radix-ui/react-avatar': [ '1.1.2' ],
17 silly audit   '@radix-ui/react-checkbox': [ '1.1.3' ],
17 silly audit   '@radix-ui/react-collapsible': [ '1.1.2' ],
17 silly audit   '@radix-ui/react-collection': [ '1.1.1' ],
17 silly audit   '@radix-ui/react-compose-refs': [ '1.1.1', '1.1.2' ],
17 silly audit   '@radix-ui/react-context': [ '1.1.1', '1.1.2' ],
17 silly audit   '@radix-ui/react-context-menu': [ '2.2.4' ],
17 silly audit   '@radix-ui/react-dialog': [ '1.1.4', '1.1.15' ],
17 silly audit   '@radix-ui/react-direction': [ '1.1.0' ],
17 silly audit   '@radix-ui/react-dismissable-layer': [ '1.1.3', '1.1.11' ],
17 silly audit   '@radix-ui/react-dropdown-menu': [ '2.1.4' ],
17 silly audit   '@radix-ui/react-focus-guards': [ '1.1.1', '1.1.3' ],
17 silly audit   '@radix-ui/react-focus-scope': [ '1.1.1', '1.1.7' ],
17 silly audit   '@radix-ui/react-hover-card': [ '1.1.4' ],
17 silly audit   '@radix-ui/react-id': [ '1.1.0', '1.1.1' ],
17 silly audit   '@radix-ui/react-label': [ '2.1.1' ],
17 silly audit   '@radix-ui/react-menu': [ '2.1.4' ],
17 silly audit   '@radix-ui/react-menubar': [ '1.1.4' ],
17 silly audit   '@radix-ui/react-navigation-menu': [ '1.2.3' ],
17 silly audit   '@radix-ui/react-popover': [ '1.1.4' ],
17 silly audit   '@radix-ui/react-popper': [ '1.2.1' ],
17 silly audit   '@radix-ui/react-portal': [ '1.1.3', '1.1.9' ],
17 silly audit   '@radix-ui/react-presence': [ '1.1.2', '1.1.5' ],
17 silly audit   '@radix-ui/react-primitive': [ '2.0.1', '2.1.3', '2.1.4' ],
17 silly audit   '@radix-ui/react-progress': [ '1.1.1' ],
17 silly audit   '@radix-ui/react-radio-group': [ '1.2.2' ],
17 silly audit   '@radix-ui/react-roving-focus': [ '1.1.1' ],
17 silly audit   '@radix-ui/react-scroll-area': [ '1.2.2' ],
17 silly audit   '@radix-ui/react-select': [ '2.1.4' ],
17 silly audit   '@radix-ui/react-separator': [ '1.1.1' ],
17 silly audit   '@radix-ui/react-slider': [ '1.2.2' ],
17 silly audit   '@radix-ui/react-slot': [ '1.1.1', '1.2.4', '1.2.3' ],
17 silly audit   '@radix-ui/react-switch': [ '1.1.2' ],
17 silly audit   '@radix-ui/react-tabs': [ '1.1.2' ],
17 silly audit   '@radix-ui/react-toast': [ '1.2.4' ],
17 silly audit   '@radix-ui/react-toggle': [ '1.1.1' ],
17 silly audit   '@radix-ui/react-toggle-group': [ '1.1.1' ],
17 silly audit   '@radix-ui/react-tooltip': [ '1.1.6' ],
17 silly audit   '@radix-ui/react-use-callback-ref': [ '1.1.0', '1.1.1' ],
17 silly audit   '@radix-ui/react-use-controllable-state': [ '1.1.0', '1.2.2' ],
17 silly audit   '@radix-ui/react-use-effect-event': [ '0.0.2' ],
17 silly audit   '@radix-ui/react-use-layout-effect': [ '1.1.1', '1.1.0' ],
17 silly audit   '@radix-ui/react-use-escape-keydown': [ '1.1.0', '1.1.1' ],
17 silly audit   '@radix-ui/react-use-previous': [ '1.1.0' ],
17 silly audit   '@radix-ui/react-use-rect': [ '1.1.0' ],
17 silly audit   '@radix-ui/react-use-size': [ '1.1.0' ],
17 silly audit   '@radix-ui/react-visually-hidden': [ '1.1.1' ],
17 silly audit   '@radix-ui/rect': [ '1.1.0' ],
17 silly audit   '@swc/helpers': [ '0.5.15' ],
17 silly audit   '@tailwindcss/node': [ '4.1.18' ],
17 silly audit   tailwindcss: [ '4.1.18', '3.4.19' ],
17 silly audit   '@tailwindcss/oxide': [ '4.1.18' ],
17 silly audit   '@tailwindcss/oxide-android-arm64': [ '4.1.18' ],
17 silly audit   '@tailwindcss/oxide-darwin-arm64': [ '4.1.18' ],
17 silly audit   '@tailwindcss/oxide-darwin-x64': [ '4.1.18' ],
17 silly audit   '@tailwindcss/oxide-freebsd-x64': [ '4.1.18' ],
17 silly audit   '@tailwindcss/oxide-linux-arm-gnueabihf': [ '4.1.18' ],
17 silly audit   '@tailwindcss/oxide-linux-arm64-gnu': [ '4.1.18' ],
17 silly audit   '@tailwindcss/oxide-linux-arm64-musl': [ '4.1.18' ],
17 silly audit   '@tailwindcss/oxide-linux-x64-gnu': [ '4.1.18' ],
17 silly audit   '@tailwindcss/oxide-linux-x64-musl': [ '4.1.18' ],
17 silly audit   '@tailwindcss/oxide-win32-arm64-msvc': [ '4.1.18' ],
17 silly audit   '@tailwindcss/oxide-win32-x64-msvc': [ '4.1.18' ],
17 silly audit   '@tailwindcss/postcss': [ '4.1.18' ],
17 silly audit   '@types/d3-array': [ '3.2.2' ],
17 silly audit   '@types/d3-color': [ '3.1.3' ],
17 silly audit   '@types/d3-ease': [ '3.0.2' ],
17 silly audit   '@types/d3-interpolate': [ '3.0.4' ],
17 silly audit   '@types/d3-path': [ '3.1.1' ],
17 silly audit   '@types/d3-scale': [ '4.0.9' ],
17 silly audit   '@types/d3-shape': [ '3.1.8' ],
17 silly audit   '@types/d3-time': [ '3.0.4' ],
17 silly audit   '@types/d3-timer': [ '3.0.2' ],
17 silly audit   '@types/node': [ '22.19.11' ],
17 silly audit   '@types/react': [ '19.2.7' ],
17 silly audit   '@types/react-dom': [ '19.2.3' ],
17 silly audit   'any-promise': [ '1.3.0' ],
17 silly audit   anymatch: [ '3.1.3' ],
17 silly audit   arg: [ '5.0.2' ],
17 silly audit   'aria-hidden': [ '1.2.6' ],
17 silly audit   autoprefixer: [ '10.4.24' ],
17 silly audit   'baseline-browser-mapping': [ '2.9.19' ],
17 silly audit   'binary-extensions': [ '2.3.0' ],
17 silly audit   braces: [ '3.0.3' ],
17 silly audit   browserslist: [ '4.28.1' ],
17 silly audit   'camelcase-css': [ '2.0.1' ],
17 silly audit   'caniuse-lite': [ '1.0.30001770' ],
17 silly audit   chokidar: [ '3.6.0' ],
17 silly audit   'glob-parent': [ '5.1.2', '6.0.2' ],
17 silly audit   'class-variance-authority': [ '0.7.1' ],
17 silly audit   'client-only': [ '0.0.1' ],
17 silly audit   clsx: [ '2.1.1' ],
17 silly audit   cmdk: [ '1.1.1' ],
17 silly audit   commander: [ '4.1.1' ],
17 silly audit   cssesc: [ '3.0.0' ],
17 silly audit   csstype: [ '3.2.3' ],
17 silly audit   'd3-array': [ '3.2.4' ],
17 silly audit   'd3-color': [ '3.1.0' ],
17 silly audit   'd3-ease': [ '3.0.1' ],
17 silly audit   'd3-format': [ '3.1.2' ],
17 silly audit   'd3-interpolate': [ '3.0.1' ],
17 silly audit   'd3-path': [ '3.1.0' ],
17 silly audit   'd3-scale': [ '4.0.2' ],
17 silly audit   'd3-shape': [ '3.2.0' ],
17 silly audit   'd3-time': [ '3.1.0' ],
17 silly audit   'd3-time-format': [ '4.1.0' ],
17 silly audit   'd3-timer': [ '3.0.1' ],
17 silly audit   'date-fns': [ '4.1.0' ],
17 silly audit   'decimal.js-light': [ '2.5.1' ],
17 silly audit   'detect-libc': [ '2.1.2' ],
17 silly audit   'detect-node-es': [ '1.1.0' ],
17 silly audit   didyoumean: [ '1.2.2' ],
17 silly audit   dlv: [ '1.1.3' ],
17 silly audit   'dom-helpers': [ '5.2.1' ],
17 silly audit   'electron-to-chromium': [ '1.5.286' ],
17 silly audit   'embla-carousel': [ '8.5.1' ],
17 silly audit   'embla-carousel-react': [ '8.5.1' ],
17 silly audit   'embla-carousel-reactive-utils': [ '8.5.1' ],
17 silly audit   'enhanced-resolve': [ '5.19.0' ],
17 silly audit   escalade: [ '3.2.0' ],
17 silly audit   eventemitter3: [ '4.0.7' ],
17 silly audit   'fast-equals': [ '5.4.0' ],
17 silly audit   'fast-glob': [ '3.3.3' ],
17 silly audit   fastq: [ '1.20.1' ],
17 silly audit   fdir: [ '6.5.0' ],
17 silly audit   'fill-range': [ '7.1.1' ],
17 silly audit   'fraction.js': [ '5.3.4' ],
17 silly audit   fsevents: [ '2.3.3' ],
17 silly audit   'function-bind': [ '1.1.2' ],
17 silly audit   'get-nonce': [ '1.0.1' ],
17 silly audit   'graceful-fs': [ '4.2.11' ],
17 silly audit   hasown: [ '2.0.2' ],
17 silly audit   'input-otp': [ '1.4.1' ],
17 silly audit   internmap: [ '2.0.3' ],
17 silly audit   'is-binary-path': [ '2.1.0' ],
17 silly audit   'is-core-module': [ '2.16.1' ],
17 silly audit   'is-extglob': [ '2.1.1' ],
17 silly audit   'is-glob': [ '4.0.3' ],
17 silly audit   'is-number': [ '7.0.0' ],
17 silly audit   jiti: [ '2.6.1', '1.21.7' ],
17 silly audit   'js-tokens': [ '4.0.0' ],
17 silly audit   lightningcss: [ '1.30.2' ],
17 silly audit   'lightningcss-android-arm64': [ '1.30.2' ],
17 silly audit   'lightningcss-darwin-arm64': [ '1.30.2' ],
17 silly audit   'lightningcss-darwin-x64': [ '1.30.2' ],
17 silly audit   'lightningcss-freebsd-x64': [ '1.30.2' ],
17 silly audit   'lightningcss-linux-arm-gnueabihf': [ '1.30.2' ],
17 silly audit   'lightningcss-linux-arm64-gnu': [ '1.30.2' ],
17 silly audit   'lightningcss-linux-arm64-musl': [ '1.30.2' ],
17 silly audit   'lightningcss-linux-x64-gnu': [ '1.30.2' ],
17 silly audit   'lightningcss-linux-x64-musl': [ '1.30.2' ],
17 silly audit   'lightningcss-win32-arm64-msvc': [ '1.30.2' ],
17 silly audit   'lightningcss-win32-x64-msvc': [ '1.30.2' ],
17 silly audit   lilconfig: [ '3.1.3' ],
17 silly audit   'lines-and-columns': [ '1.2.4' ],
17 silly audit   lodash: [ '4.17.23' ],
17 silly audit   'loose-envify': [ '1.4.0' ],
17 silly audit   'lucide-react': [ '0.544.0' ],
17 silly audit   'magic-string': [ '0.30.21' ],
17 silly audit   merge2: [ '1.4.1' ],
17 silly audit   micromatch: [ '4.0.8' ],
17 silly audit   mz: [ '2.7.0' ],
17 silly audit   nanoid: [ '3.3.11' ],
17 silly audit   next: [ '16.1.6' ],
17 silly audit   'next-themes': [ '0.4.6' ],
17 silly audit   postcss: [ '8.4.31', '8.5.6' ],
17 silly audit   'node-releases': [ '2.0.27' ],
17 silly audit   'normalize-path': [ '3.0.0' ],
17 silly audit   'object-assign': [ '4.1.1' ],
17 silly audit   'object-hash': [ '3.0.0' ],
17 silly audit   'path-parse': [ '1.0.7' ],
17 silly audit   picocolors: [ '1.1.1' ],
17 silly audit   picomatch: [ '2.3.1', '4.0.3' ],
17 silly audit   pify: [ '2.3.0' ],
17 silly audit   pirates: [ '4.0.7' ],
17 silly audit   'postcss-import': [ '15.1.0' ],
17 silly audit   'postcss-js': [ '4.1.0' ],
17 silly audit   'postcss-load-config': [ '6.0.1' ],
17 silly audit   'postcss-nested': [ '6.2.0' ],
17 silly audit   'postcss-selector-parser': [ '6.1.2' ],
17 silly audit   'postcss-value-parser': [ '4.2.0' ],
17 silly audit   'prop-types': [ '15.8.1' ],
17 silly audit   'react-is': [ '16.13.1', '18.3.1' ],
17 silly audit   'queue-microtask': [ '1.2.3' ],
17 silly audit   react: [ '19.2.3' ],
17 silly audit   'react-day-picker': [ '8.10.1' ],
17 silly audit   'react-dom': [ '19.2.3' ],
17 silly audit   'react-hook-form': [ '7.71.1' ],
17 silly audit   'react-remove-scroll': [ '2.7.2' ],
17 silly audit   'react-remove-scroll-bar': [ '2.3.8' ],
17 silly audit   'react-resizable-panels': [ '2.1.9' ],
17 silly audit   'react-smooth': [ '4.0.4' ],
17 silly audit   'react-style-singleton': [ '2.2.3' ],
17 silly audit   'react-transition-group': [ '4.4.5' ],
17 silly audit   'read-cache': [ '1.0.0' ],
17 silly audit   readdirp: [ '3.6.0' ],
17 silly audit   recharts: [ '2.15.0' ],
17 silly audit   'recharts-scale': [ '0.4.5' ],
17 silly audit   resolve: [ '1.22.11' ],
17 silly audit   reusify: [ '1.1.0' ],
17 silly audit   'run-parallel': [ '1.2.0' ],
17 silly audit   scheduler: [ '0.27.0' ],
17 silly audit   semver: [ '7.7.4' ],
17 silly audit   sharp: [ '0.34.5' ],
17 silly audit   sonner: [ '1.7.4' ],
17 silly audit   'source-map-js': [ '1.2.1' ],
17 silly audit   'styled-jsx': [ '5.1.6' ],
17 silly audit   sucrase: [ '3.35.1' ],
17 silly audit   'supports-preserve-symlinks-flag': [ '1.0.0' ],
17 silly audit   'tailwind-merge': [ '2.6.1' ],
17 silly audit   'tailwindcss-animate': [ '1.0.7' ],
17 silly audit   tapable: [ '2.3.0' ],
17 silly audit   thenify: [ '3.3.1' ],
17 silly audit   'thenify-all': [ '1.6.0' ],
17 silly audit   'tiny-invariant': [ '1.3.3' ],
17 silly audit   tinyglobby: [ '0.2.15' ],
17 silly audit   'to-regex-range': [ '5.0.1' ],
17 silly audit   'ts-interface-checker': [ '0.1.13' ],
17 silly audit   tslib: [ '2.8.1' ],
17 silly audit   typescript: [ '5.7.3' ],
17 silly audit   'undici-types': [ '6.21.0' ],
17 silly audit   'update-browserslist-db': [ '1.2.3' ],
17 silly audit   'use-callback-ref': [ '1.3.3' ],
17 silly audit   'use-sidecar': [ '1.1.3' ],
17 silly audit   'util-deprecate': [ '1.0.2' ],
17 silly audit   vaul: [ '1.1.2' ],
17 silly audit   'victory-vendor': [ '36.9.2' ],
17 silly audit   zod: [ '3.25.76' ],
17 silly audit   '@tailwindcss/oxide-wasm32-wasi': [ '4.1.18' ]
17 silly audit }
18 verbose reify failed optional dependency C:\Users\gujar\Desktop\Capgemini_Project\frontend\node_modules\lightningcss-win32-arm64-msvc
19 silly reify mark deleted [
19 silly reify   'C:\\Users\\gujar\\Desktop\\Capgemini_Project\\frontend\\node_modules\\lightningcss-win32-arm64-msvc'
19 silly reify ]
20 verbose reify failed optional dependency C:\Users\gujar\Desktop\Capgemini_Project\frontend\node_modules\lightningcss-linux-x64-musl
21 silly reify mark deleted [
21 silly reify   'C:\\Users\\gujar\\Desktop\\Capgemini_Project\\frontend\\node_modules\\lightningcss-linux-x64-musl'
21 silly reify ]
22 verbose reify failed optional dependency C:\Users\gujar\Desktop\Capgemini_Project\frontend\node_modules\lightningcss-linux-x64-gnu
23 silly reify mark deleted [
23 silly reify   'C:\\Users\\gujar\\Desktop\\Capgemini_Project\\frontend\\node_modules\\lightningcss-linux-x64-gnu'
23 silly reify ]
24 verbose reify failed optional dependency C:\Users\gujar\Desktop\Capgemini_Project\frontend\node_modules\lightningcss-linux-arm64-musl
25 silly reify mark deleted [
25 silly reify   'C:\\Users\\gujar\\Desktop\\Capgemini_Project\\frontend\\node_modules\\lightningcss-linux-arm64-musl'
25 silly reify ]
26 verbose reify failed optional dependency C:\Users\gujar\Desktop\Capgemini_Project\frontend\node_modules\lightningcss-linux-arm64-gnu
27 silly reify mark deleted [
27 silly reify   'C:\\Users\\gujar\\Desktop\\Capgemini_Project\\frontend\\node_modules\\lightningcss-linux-arm64-gnu'
27 silly reify ]
28 verbose reify failed optional dependency C:\Users\gujar\Desktop\Capgemini_Project\frontend\node_modules\lightningcss-linux-arm-gnueabihf
29 silly reify mark deleted [
29 silly reify   'C:\\Users\\gujar\\Desktop\\Capgemini_Project\\frontend\\node_modules\\lightningcss-linux-arm-gnueabihf'
29 silly reify ]
30 verbose reify failed optional dependency C:\Users\gujar\Desktop\Capgemini_Project\frontend\node_modules\lightningcss-freebsd-x64
31 silly reify mark deleted [
31 silly reify   'C:\\Users\\gujar\\Desktop\\Capgemini_Project\\frontend\\node_modules\\lightningcss-freebsd-x64'
31 silly reify ]
32 verbose reify failed optional dependency C:\Users\gujar\Desktop\Capgemini_Project\frontend\node_modules\lightningcss-darwin-x64
33 silly reify mark deleted [
33 silly reify   'C:\\Users\\gujar\\Desktop\\Capgemini_Project\\frontend\\node_modules\\lightningcss-darwin-x64'
33 silly reify ]
34 verbose reify failed optional dependency C:\Users\gujar\Desktop\Capgemini_Project\frontend\node_modules\lightningcss-darwin-arm64
35 silly reify mark deleted [
35 silly reify   'C:\\Users\\gujar\\Desktop\\Capgemini_Project\\frontend\\node_modules\\lightningcss-darwin-arm64'
35 silly reify ]
36 verbose reify failed optional dependency C:\Users\gujar\Desktop\Capgemini_Project\frontend\node_modules\lightningcss-android-arm64
37 silly reify mark deleted [
37 silly reify   'C:\\Users\\gujar\\Desktop\\Capgemini_Project\\frontend\\node_modules\\lightningcss-android-arm64'
37 silly reify ]
38 verbose reify failed optional dependency C:\Users\gujar\Desktop\Capgemini_Project\frontend\node_modules\fsevents
39 silly reify mark deleted [
39 silly reify   'C:\\Users\\gujar\\Desktop\\Capgemini_Project\\frontend\\node_modules\\fsevents'
39 silly reify ]
40 verbose reify failed optional dependency C:\Users\gujar\Desktop\Capgemini_Project\frontend\node_modules\@tailwindcss\oxide-win32-arm64-msvc
41 silly reify mark deleted [
41 silly reify   'C:\\Users\\gujar\\Desktop\\Capgemini_Project\\frontend\\node_modules\\@tailwindcss\\oxide-win32-arm64-msvc'
41 silly reify ]
42 verbose reify failed optional dependency C:\Users\gujar\Desktop\Capgemini_Project\frontend\node_modules\@tailwindcss\oxide-linux-x64-musl
43 silly reify mark deleted [
43 silly reify   'C:\\Users\\gujar\\Desktop\\Capgemini_Project\\frontend\\node_modules\\@tailwindcss\\oxide-linux-x64-musl'
43 silly reify ]
44 verbose reify failed optional dependency C:\Users\gujar\Desktop\Capgemini_Project\frontend\node_modules\@tailwindcss\oxide-linux-x64-gnu
45 silly reify mark deleted [
45 silly reify   'C:\\Users\\gujar\\Desktop\\Capgemini_Project\\frontend\\node_modules\\@tailwindcss\\oxide-linux-x64-gnu'
45 silly reify ]
46 verbose reify failed optional dependency C:\Users\gujar\Desktop\Capgemini_Project\frontend\node_modules\@tailwindcss\oxide-linux-arm64-musl
47 silly reify mark deleted [
47 silly reify   'C:\\Users\\gujar\\Desktop\\Capgemini_Project\\frontend\\node_modules\\@tailwindcss\\oxide-linux-arm64-musl'
47 silly reify ]
48 verbose reify failed optional dependency C:\Users\gujar\Desktop\Capgemini_Project\frontend\node_modules\@tailwindcss\oxide-linux-arm64-gnu
49 silly reify mark deleted [
49 silly reify   'C:\\Users\\gujar\\Desktop\\Capgemini_Project\\frontend\\node_modules\\@tailwindcss\\oxide-linux-arm64-gnu'
49 silly reify ]
50 verbose reify failed optional dependency C:\Users\gujar\Desktop\Capgemini_Project\frontend\node_modules\@tailwindcss\oxide-linux-arm-gnueabihf
51 silly reify mark deleted [
51 silly reify   'C:\\Users\\gujar\\Desktop\\Capgemini_Project\\frontend\\node_modules\\@tailwindcss\\oxide-linux-arm-gnueabihf'
51 silly reify ]
52 verbose reify failed optional dependency C:\Users\gujar\Desktop\Capgemini_Project\frontend\node_modules\@tailwindcss\oxide-freebsd-x64
53 silly reify mark deleted [
53 silly reify   'C:\\Users\\gujar\\Desktop\\Capgemini_Project\\frontend\\node_modules\\@tailwindcss\\oxide-freebsd-x64'
53 silly reify ]
54 verbose reify failed optional dependency C:\Users\gujar\Desktop\Capgemini_Project\frontend\node_modules\@tailwindcss\oxide-darwin-x64
55 silly reify mark deleted [
55 silly reify   'C:\\Users\\gujar\\Desktop\\Capgemini_Project\\frontend\\node_modules\\@tailwindcss\\oxide-darwin-x64'
55 silly reify ]
56 verbose reify failed optional dependency C:\Users\gujar\Desktop\Capgemini_Project\frontend\node_modules\@tailwindcss\oxide-darwin-arm64
57 silly reify mark deleted [
57 silly reify   'C:\\Users\\gujar\\Desktop\\Capgemini_Project\\frontend\\node_modules\\@tailwindcss\\oxide-darwin-arm64'
57 silly reify ]
58 verbose reify failed optional dependency C:\Users\gujar\Desktop\Capgemini_Project\frontend\node_modules\@tailwindcss\oxide-android-arm64
59 silly reify mark deleted [
59 silly reify   'C:\\Users\\gujar\\Desktop\\Capgemini_Project\\frontend\\node_modules\\@tailwindcss\\oxide-android-arm64'
59 silly reify ]
60 verbose reify failed optional dependency C:\Users\gujar\Desktop\Capgemini_Project\frontend\node_modules\@next\swc-win32-arm64-msvc
61 silly reify mark deleted [
61 silly reify   'C:\\Users\\gujar\\Desktop\\Capgemini_Project\\frontend\\node_modules\\@next\\swc-win32-arm64-msvc'
61 silly reify ]
62 verbose reify failed optional dependency C:\Users\gujar\Desktop\Capgemini_Project\frontend\node_modules\@next\swc-linux-x64-musl
63 silly reify mark deleted [
63 silly reify   'C:\\Users\\gujar\\Desktop\\Capgemini_Project\\frontend\\node_modules\\@next\\swc-linux-x64-musl'
63 silly reify ]
64 verbose reify failed optional dependency C:\Users\gujar\Desktop\Capgemini_Project\frontend\node_modules\@next\swc-linux-x64-gnu
65 silly reify mark deleted [
65 silly reify   'C:\\Users\\gujar\\Desktop\\Capgemini_Project\\frontend\\node_modules\\@next\\swc-linux-x64-gnu'
65 silly reify ]
66 verbose reify failed optional dependency C:\Users\gujar\Desktop\Capgemini_Project\frontend\node_modules\@next\swc-linux-arm64-musl
67 silly reify mark deleted [
67 silly reify   'C:\\Users\\gujar\\Desktop\\Capgemini_Project\\frontend\\node_modules\\@next\\swc-linux-arm64-musl'
67 silly reify ]
68 verbose reify failed optional dependency C:\Users\gujar\Desktop\Capgemini_Project\frontend\node_modules\@next\swc-linux-arm64-gnu
69 silly reify mark deleted [
69 silly reify   'C:\\Users\\gujar\\Desktop\\Capgemini_Project\\frontend\\node_modules\\@next\\swc-linux-arm64-gnu'
69 silly reify ]
70 verbose reify failed optional dependency C:\Users\gujar\Desktop\Capgemini_Project\frontend\node_modules\@next\swc-darwin-x64
71 silly reify mark deleted [
71 silly reify   'C:\\Users\\gujar\\Desktop\\Capgemini_Project\\frontend\\node_modules\\@next\\swc-darwin-x64'
71 silly reify ]
72 verbose reify failed optional dependency C:\Users\gujar\Desktop\Capgemini_Project\frontend\node_modules\@next\swc-darwin-arm64
73 silly reify mark deleted [
73 silly reify   'C:\\Users\\gujar\\Desktop\\Capgemini_Project\\frontend\\node_modules\\@next\\swc-darwin-arm64'
73 silly reify ]
74 verbose reify failed optional dependency C:\Users\gujar\Desktop\Capgemini_Project\frontend\node_modules\@img\sharp-win32-ia32
75 silly reify mark deleted [
75 silly reify   'C:\\Users\\gujar\\Desktop\\Capgemini_Project\\frontend\\node_modules\\@img\\sharp-win32-ia32'
75 silly reify ]
76 verbose reify failed optional dependency C:\Users\gujar\Desktop\Capgemini_Project\frontend\node_modules\@img\sharp-win32-arm64
77 silly reify mark deleted [
77 silly reify   'C:\\Users\\gujar\\Desktop\\Capgemini_Project\\frontend\\node_modules\\@img\\sharp-win32-arm64'
77 silly reify ]
78 verbose reify failed optional dependency C:\Users\gujar\Desktop\Capgemini_Project\frontend\node_modules\@img\sharp-wasm32
79 silly reify mark deleted [
79 silly reify   'C:\\Users\\gujar\\Desktop\\Capgemini_Project\\frontend\\node_modules\\@img\\sharp-wasm32'
79 silly reify ]
80 verbose reify failed optional dependency C:\Users\gujar\Desktop\Capgemini_Project\frontend\node_modules\@img\sharp-linuxmusl-x64
81 silly reify mark deleted [
81 silly reify   'C:\\Users\\gujar\\Desktop\\Capgemini_Project\\frontend\\node_modules\\@img\\sharp-linuxmusl-x64'
81 silly reify ]
82 verbose reify failed optional dependency C:\Users\gujar\Desktop\Capgemini_Project\frontend\node_modules\@img\sharp-linuxmusl-arm64
83 silly reify mark deleted [
83 silly reify   'C:\\Users\\gujar\\Desktop\\Capgemini_Project\\frontend\\node_modules\\@img\\sharp-linuxmusl-arm64'
83 silly reify ]
84 verbose reify failed optional dependency C:\Users\gujar\Desktop\Capgemini_Project\frontend\node_modules\@img\sharp-linux-x64
85 silly reify mark deleted [
85 silly reify   'C:\\Users\\gujar\\Desktop\\Capgemini_Project\\frontend\\node_modules\\@img\\sharp-linux-x64'
85 silly reify ]
86 verbose reify failed optional dependency C:\Users\gujar\Desktop\Capgemini_Project\frontend\node_modules\@img\sharp-linux-s390x
87 silly reify mark deleted [
87 silly reify   'C:\\Users\\gujar\\Desktop\\Capgemini_Project\\frontend\\node_modules\\@img\\sharp-linux-s390x'
87 silly reify ]
88 verbose reify failed optional dependency C:\Users\gujar\Desktop\Capgemini_Project\frontend\node_modules\@img\sharp-linux-riscv64
89 silly reify mark deleted [
89 silly reify   'C:\\Users\\gujar\\Desktop\\Capgemini_Project\\frontend\\node_modules\\@img\\sharp-linux-riscv64'
89 silly reify ]
90 verbose reify failed optional dependency C:\Users\gujar\Desktop\Capgemini_Project\frontend\node_modules\@img\sharp-linux-ppc64
91 silly reify mark deleted [
91 silly reify   'C:\\Users\\gujar\\Desktop\\Capgemini_Project\\frontend\\node_modules\\@img\\sharp-linux-ppc64'
91 silly reify ]
92 verbose reify failed optional dependency C:\Users\gujar\Desktop\Capgemini_Project\frontend\node_modules\@img\sharp-linux-arm64
93 silly reify mark deleted [
93 silly reify   'C:\\Users\\gujar\\Desktop\\Capgemini_Project\\frontend\\node_modules\\@img\\sharp-linux-arm64'
93 silly reify ]
94 verbose reify failed optional dependency C:\Users\gujar\Desktop\Capgemini_Project\frontend\node_modules\@img\sharp-linux-arm
95 silly reify mark deleted [
95 silly reify   'C:\\Users\\gujar\\Desktop\\Capgemini_Project\\frontend\\node_modules\\@img\\sharp-linux-arm'
95 silly reify ]
96 verbose reify failed optional dependency C:\Users\gujar\Desktop\Capgemini_Project\frontend\node_modules\@img\sharp-libvips-linuxmusl-x64
97 silly reify mark deleted [
97 silly reify   'C:\\Users\\gujar\\Desktop\\Capgemini_Project\\frontend\\node_modules\\@img\\sharp-libvips-linuxmusl-x64'
97 silly reify ]
98 verbose reify failed optional dependency C:\Users\gujar\Desktop\Capgemini_Project\frontend\node_modules\@img\sharp-libvips-linuxmusl-arm64
99 silly reify mark deleted [
99 silly reify   'C:\\Users\\gujar\\Desktop\\Capgemini_Project\\frontend\\node_modules\\@img\\sharp-libvips-linuxmusl-arm64'
99 silly reify ]
100 verbose reify failed optional dependency C:\Users\gujar\Desktop\Capgemini_Project\frontend\node_modules\@img\sharp-libvips-linux-x64
101 silly reify mark deleted [
101 silly reify   'C:\\Users\\gujar\\Desktop\\Capgemini_Project\\frontend\\node_modules\\@img\\sharp-libvips-linux-x64'
101 silly reify ]
102 verbose reify failed optional dependency C:\Users\gujar\Desktop\Capgemini_Project\frontend\node_modules\@img\sharp-libvips-linux-s390x
103 silly reify mark deleted [
103 silly reify   'C:\\Users\\gujar\\Desktop\\Capgemini_Project\\frontend\\node_modules\\@img\\sharp-libvips-linux-s390x'
103 silly reify ]
104 verbose reify failed optional dependency C:\Users\gujar\Desktop\Capgemini_Project\frontend\node_modules\@img\sharp-libvips-linux-riscv64
105 silly reify mark deleted [
105 silly reify   'C:\\Users\\gujar\\Desktop\\Capgemini_Project\\frontend\\node_modules\\@img\\sharp-libvips-linux-riscv64'
105 silly reify ]
106 verbose reify failed optional dependency C:\Users\gujar\Desktop\Capgemini_Project\frontend\node_modules\@img\sharp-libvips-linux-ppc64
107 silly reify mark deleted [
107 silly reify   'C:\\Users\\gujar\\Desktop\\Capgemini_Project\\frontend\\node_modules\\@img\\sharp-libvips-linux-ppc64'
107 silly reify ]
108 verbose reify failed optional dependency C:\Users\gujar\Desktop\Capgemini_Project\frontend\node_modules\@img\sharp-libvips-linux-arm64
109 silly reify mark deleted [
109 silly reify   'C:\\Users\\gujar\\Desktop\\Capgemini_Project\\frontend\\node_modules\\@img\\sharp-libvips-linux-arm64'
109 silly reify ]
110 verbose reify failed optional dependency C:\Users\gujar\Desktop\Capgemini_Project\frontend\node_modules\@img\sharp-libvips-linux-arm
111 silly reify mark deleted [
111 silly reify   'C:\\Users\\gujar\\Desktop\\Capgemini_Project\\frontend\\node_modules\\@img\\sharp-libvips-linux-arm'
111 silly reify ]
112 verbose reify failed optional dependency C:\Users\gujar\Desktop\Capgemini_Project\frontend\node_modules\@img\sharp-libvips-darwin-x64
113 silly reify mark deleted [
113 silly reify   'C:\\Users\\gujar\\Desktop\\Capgemini_Project\\frontend\\node_modules\\@img\\sharp-libvips-darwin-x64'
113 silly reify ]
114 verbose reify failed optional dependency C:\Users\gujar\Desktop\Capgemini_Project\frontend\node_modules\@img\sharp-libvips-darwin-arm64
115 silly reify mark deleted [
115 silly reify   'C:\\Users\\gujar\\Desktop\\Capgemini_Project\\frontend\\node_modules\\@img\\sharp-libvips-darwin-arm64'
115 silly reify ]
116 verbose reify failed optional dependency C:\Users\gujar\Desktop\Capgemini_Project\frontend\node_modules\@img\sharp-darwin-x64
117 silly reify mark deleted [
117 silly reify   'C:\\Users\\gujar\\Desktop\\Capgemini_Project\\frontend\\node_modules\\@img\\sharp-darwin-x64'
117 silly reify ]
118 verbose reify failed optional dependency C:\Users\gujar\Desktop\Capgemini_Project\frontend\node_modules\@img\sharp-darwin-arm64
119 silly reify mark deleted [
119 silly reify   'C:\\Users\\gujar\\Desktop\\Capgemini_Project\\frontend\\node_modules\\@img\\sharp-darwin-arm64'
119 silly reify ]
120 silly tarball no local data for zod@https://registry.npmjs.org/zod/-/zod-3.25.76.tgz. Extracting by manifest.
121 silly tarball no local data for use-callback-ref@https://registry.npmjs.org/use-callback-ref/-/use-callback-ref-1.3.3.tgz. Extracting by manifest.
122 silly tarball no local data for undici-types@https://registry.npmjs.org/undici-types/-/undici-types-6.21.0.tgz. Extracting by manifest.
123 silly tarball no local data for use-sidecar@https://registry.npmjs.org/use-sidecar/-/use-sidecar-1.1.3.tgz. Extracting by manifest.
124 silly tarball no local data for victory-vendor@https://registry.npmjs.org/victory-vendor/-/victory-vendor-36.9.2.tgz. Extracting by manifest.
125 silly tarball no local data for update-browserslist-db@https://registry.npmjs.org/update-browserslist-db/-/update-browserslist-db-1.2.3.tgz. Extracting by manifest.
126 silly tarball no local data for typescript@https://registry.npmjs.org/typescript/-/typescript-5.7.3.tgz. Extracting by manifest.
127 silly tarball no local data for vaul@https://registry.npmjs.org/vaul/-/vaul-1.1.2.tgz. Extracting by manifest.
128 silly tarball no local data for tinyglobby@https://registry.npmjs.org/tinyglobby/-/tinyglobby-0.2.15.tgz. Extracting by manifest.
129 silly tarball no local data for util-deprecate@https://registry.npmjs.org/util-deprecate/-/util-deprecate-1.0.2.tgz. Extracting by manifest.
130 silly tarball no local data for ts-interface-checker@https://registry.npmjs.org/ts-interface-checker/-/ts-interface-checker-0.1.13.tgz. Extracting by manifest.
131 silly tarball no local data for tiny-invariant@https://registry.npmjs.org/tiny-invariant/-/tiny-invariant-1.3.3.tgz. Extracting by manifest.
132 silly tarball no local data for tapable@https://registry.npmjs.org/tapable/-/tapable-2.3.0.tgz. Extracting by manifest.
133 silly tarball no local data for thenify@https://registry.npmjs.org/thenify/-/thenify-3.3.1.tgz. Extracting by manifest.
134 silly tarball no local data for thenify-all@https://registry.npmjs.org/thenify-all/-/thenify-all-1.6.0.tgz. Extracting by manifest.
135 silly tarball no local data for tailwindcss-animate@https://registry.npmjs.org/tailwindcss-animate/-/tailwindcss-animate-1.0.7.tgz. Extracting by manifest.
136 silly tarball no local data for tailwind-merge@https://registry.npmjs.org/tailwind-merge/-/tailwind-merge-2.6.1.tgz. Extracting by manifest.
137 silly tarball no local data for tslib@https://registry.npmjs.org/tslib/-/tslib-2.8.1.tgz. Extracting by manifest.
138 silly tarball no local data for tailwindcss@https://registry.npmjs.org/tailwindcss/-/tailwindcss-3.4.19.tgz. Extracting by manifest.
139 silly tarball no local data for supports-preserve-symlinks-flag@https://registry.npmjs.org/supports-preserve-symlinks-flag/-/supports-preserve-symlinks-flag-1.0.0.tgz. Extracting by manifest.
140 silly tarball no local data for sucrase@https://registry.npmjs.org/sucrase/-/sucrase-3.35.1.tgz. Extracting by manifest.
141 silly tarball no local data for source-map-js@https://registry.npmjs.org/source-map-js/-/source-map-js-1.2.1.tgz. Extracting by manifest.
142 silly tarball no local data for sonner@https://registry.npmjs.org/sonner/-/sonner-1.7.4.tgz. Extracting by manifest.
143 silly tarball no local data for sharp@https://registry.npmjs.org/sharp/-/sharp-0.34.5.tgz. Extracting by manifest.
144 silly tarball no local data for semver@https://registry.npmjs.org/semver/-/semver-7.7.4.tgz. Extracting by manifest.
145 silly tarball no local data for scheduler@https://registry.npmjs.org/scheduler/-/scheduler-0.27.0.tgz. Extracting by manifest.
146 silly tarball no local data for styled-jsx@https://registry.npmjs.org/styled-jsx/-/styled-jsx-5.1.6.tgz. Extracting by manifest.
147 silly tarball no local data for run-parallel@https://registry.npmjs.org/run-parallel/-/run-parallel-1.2.0.tgz. Extracting by manifest.
148 silly tarball no local data for reusify@https://registry.npmjs.org/reusify/-/reusify-1.1.0.tgz. Extracting by manifest.
149 silly tarball no local data for recharts@https://registry.npmjs.org/recharts/-/recharts-2.15.0.tgz. Extracting by manifest.
150 silly tarball no local data for resolve@https://registry.npmjs.org/resolve/-/resolve-1.22.11.tgz. Extracting by manifest.
151 silly tarball no local data for read-cache@https://registry.npmjs.org/read-cache/-/read-cache-1.0.0.tgz. Extracting by manifest.
152 silly tarball no local data for recharts-scale@https://registry.npmjs.org/recharts-scale/-/recharts-scale-0.4.5.tgz. Extracting by manifest.
153 silly tarball no local data for readdirp@https://registry.npmjs.org/readdirp/-/readdirp-3.6.0.tgz. Extracting by manifest.
154 silly tarball no local data for react-style-singleton@https://registry.npmjs.org/react-style-singleton/-/react-style-singleton-2.2.3.tgz. Extracting by manifest.
155 silly tarball no local data for react-smooth@https://registry.npmjs.org/react-smooth/-/react-smooth-4.0.4.tgz. Extracting by manifest.
156 silly tarball no local data for react-resizable-panels@https://registry.npmjs.org/react-resizable-panels/-/react-resizable-panels-2.1.9.tgz. Extracting by manifest.
157 silly tarball no local data for to-regex-range@https://registry.npmjs.org/to-regex-range/-/to-regex-range-5.0.1.tgz. Extracting by manifest.
158 silly tarball no local data for react-remove-scroll-bar@https://registry.npmjs.org/react-remove-scroll-bar/-/react-remove-scroll-bar-2.3.8.tgz. Extracting by manifest.
159 silly tarball no local data for react-transition-group@https://registry.npmjs.org/react-transition-group/-/react-transition-group-4.4.5.tgz. Extracting by manifest.
160 silly tarball no local data for react-remove-scroll@https://registry.npmjs.org/react-remove-scroll/-/react-remove-scroll-2.7.2.tgz. Extracting by manifest.
161 silly tarball no local data for react-dom@https://registry.npmjs.org/react-dom/-/react-dom-19.2.3.tgz. Extracting by manifest.
162 silly tarball no local data for react@https://registry.npmjs.org/react/-/react-19.2.3.tgz. Extracting by manifest.
163 silly tarball no local data for react-is@https://registry.npmjs.org/react-is/-/react-is-18.3.1.tgz. Extracting by manifest.
164 silly tarball no local data for react-hook-form@https://registry.npmjs.org/react-hook-form/-/react-hook-form-7.71.1.tgz. Extracting by manifest.
165 silly tarball no local data for react-day-picker@https://registry.npmjs.org/react-day-picker/-/react-day-picker-8.10.1.tgz. Extracting by manifest.
166 silly tarball no local data for queue-microtask@https://registry.npmjs.org/queue-microtask/-/queue-microtask-1.2.3.tgz. Extracting by manifest.
167 silly tarball no local data for prop-types@https://registry.npmjs.org/prop-types/-/prop-types-15.8.1.tgz. Extracting by manifest.
168 silly tarball no local data for postcss-selector-parser@https://registry.npmjs.org/postcss-selector-parser/-/postcss-selector-parser-6.1.2.tgz. Extracting by manifest.
169 silly tarball no local data for postcss-nested@https://registry.npmjs.org/postcss-nested/-/postcss-nested-6.2.0.tgz. Extracting by manifest.
170 silly tarball no local data for postcss-load-config@https://registry.npmjs.org/postcss-load-config/-/postcss-load-config-6.0.1.tgz. Extracting by manifest.
171 silly tarball no local data for postcss-value-parser@https://registry.npmjs.org/postcss-value-parser/-/postcss-value-parser-4.2.0.tgz. Extracting by manifest.
172 silly tarball no local data for postcss-js@https://registry.npmjs.org/postcss-js/-/postcss-js-4.1.0.tgz. Extracting by manifest.
173 silly tarball no local data for postcss-import@https://registry.npmjs.org/postcss-import/-/postcss-import-15.1.0.tgz. Extracting by manifest.
174 silly tarball no local data for postcss@https://registry.npmjs.org/postcss/-/postcss-8.5.6.tgz. Extracting by manifest.
175 silly tarball no local data for pirates@https://registry.npmjs.org/pirates/-/pirates-4.0.7.tgz. Extracting by manifest.
176 silly tarball no local data for path-parse@https://registry.npmjs.org/path-parse/-/path-parse-1.0.7.tgz. Extracting by manifest.
177 silly tarball no local data for picocolors@https://registry.npmjs.org/picocolors/-/picocolors-1.1.1.tgz. Extracting by manifest.
178 silly tarball no local data for picomatch@https://registry.npmjs.org/picomatch/-/picomatch-2.3.1.tgz. Extracting by manifest.
179 silly tarball no local data for pify@https://registry.npmjs.org/pify/-/pify-2.3.0.tgz. Extracting by manifest.
180 silly tarball no local data for object-assign@https://registry.npmjs.org/object-assign/-/object-assign-4.1.1.tgz. Extracting by manifest.
181 silly tarball no local data for normalize-path@https://registry.npmjs.org/normalize-path/-/normalize-path-3.0.0.tgz. Extracting by manifest.
182 silly tarball no local data for next-themes@https://registry.npmjs.org/next-themes/-/next-themes-0.4.6.tgz. Extracting by manifest.
183 silly tarball no local data for nanoid@https://registry.npmjs.org/nanoid/-/nanoid-3.3.11.tgz. Extracting by manifest.
184 silly tarball no local data for node-releases@https://registry.npmjs.org/node-releases/-/node-releases-2.0.27.tgz. Extracting by manifest.
185 silly tarball no local data for object-hash@https://registry.npmjs.org/object-hash/-/object-hash-3.0.0.tgz. Extracting by manifest.
186 silly tarball no local data for micromatch@https://registry.npmjs.org/micromatch/-/micromatch-4.0.8.tgz. Extracting by manifest.
187 silly tarball no local data for merge2@https://registry.npmjs.org/merge2/-/merge2-1.4.1.tgz. Extracting by manifest.
188 silly tarball no local data for mz@https://registry.npmjs.org/mz/-/mz-2.7.0.tgz. Extracting by manifest.
189 silly tarball no local data for next@https://registry.npmjs.org/next/-/next-16.1.6.tgz. Extracting by manifest.
190 silly tarball no local data for loose-envify@https://registry.npmjs.org/loose-envify/-/loose-envify-1.4.0.tgz. Extracting by manifest.
191 silly tarball no local data for lodash@https://registry.npmjs.org/lodash/-/lodash-4.17.23.tgz. Extracting by manifest.
192 silly tarball no local data for magic-string@https://registry.npmjs.org/magic-string/-/magic-string-0.30.21.tgz. Extracting by manifest.
193 silly tarball no local data for lucide-react@https://registry.npmjs.org/lucide-react/-/lucide-react-0.544.0.tgz. Extracting by manifest.
194 silly tarball no local data for lines-and-columns@https://registry.npmjs.org/lines-and-columns/-/lines-and-columns-1.2.4.tgz. Extracting by manifest.
195 silly tarball no local data for lilconfig@https://registry.npmjs.org/lilconfig/-/lilconfig-3.1.3.tgz. Extracting by manifest.
196 silly tarball no local data for lightningcss-win32-x64-msvc@https://registry.npmjs.org/lightningcss-win32-x64-msvc/-/lightningcss-win32-x64-msvc-1.30.2.tgz. Extracting by manifest.
197 silly tarball no local data for lightningcss@https://registry.npmjs.org/lightningcss/-/lightningcss-1.30.2.tgz. Extracting by manifest.
198 silly tarball no local data for jiti@https://registry.npmjs.org/jiti/-/jiti-2.6.1.tgz. Extracting by manifest.
199 silly tarball no local data for is-number@https://registry.npmjs.org/is-number/-/is-number-7.0.0.tgz. Extracting by manifest.
200 silly tarball no local data for js-tokens@https://registry.npmjs.org/js-tokens/-/js-tokens-4.0.0.tgz. Extracting by manifest.
201 silly tarball no local data for is-glob@https://registry.npmjs.org/is-glob/-/is-glob-4.0.3.tgz. Extracting by manifest.
202 silly tarball no local data for is-binary-path@https://registry.npmjs.org/is-binary-path/-/is-binary-path-2.1.0.tgz. Extracting by manifest.
203 silly tarball no local data for is-core-module@https://registry.npmjs.org/is-core-module/-/is-core-module-2.16.1.tgz. Extracting by manifest.
204 silly tarball no local data for internmap@https://registry.npmjs.org/internmap/-/internmap-2.0.3.tgz. Extracting by manifest.
205 silly tarball no local data for input-otp@https://registry.npmjs.org/input-otp/-/input-otp-1.4.1.tgz. Extracting by manifest.
206 silly tarball no local data for hasown@https://registry.npmjs.org/hasown/-/hasown-2.0.2.tgz. Extracting by manifest.
207 silly tarball no local data for function-bind@https://registry.npmjs.org/function-bind/-/function-bind-1.1.2.tgz. Extracting by manifest.
208 silly tarball no local data for get-nonce@https://registry.npmjs.org/get-nonce/-/get-nonce-1.0.1.tgz. Extracting by manifest.
209 silly tarball no local data for graceful-fs@https://registry.npmjs.org/graceful-fs/-/graceful-fs-4.2.11.tgz. Extracting by manifest.
210 silly tarball no local data for fill-range@https://registry.npmjs.org/fill-range/-/fill-range-7.1.1.tgz. Extracting by manifest.
211 silly tarball no local data for fraction.js@https://registry.npmjs.org/fraction.js/-/fraction.js-5.3.4.tgz. Extracting by manifest.
212 silly tarball no local data for fdir@https://registry.npmjs.org/fdir/-/fdir-6.5.0.tgz. Extracting by manifest.
213 silly tarball no local data for glob-parent@https://registry.npmjs.org/glob-parent/-/glob-parent-6.0.2.tgz. Extracting by manifest.
214 silly tarball no local data for is-extglob@https://registry.npmjs.org/is-extglob/-/is-extglob-2.1.1.tgz. Extracting by manifest.
215 silly tarball no local data for fastq@https://registry.npmjs.org/fastq/-/fastq-1.20.1.tgz. Extracting by manifest.
216 silly tarball no local data for fast-glob@https://registry.npmjs.org/fast-glob/-/fast-glob-3.3.3.tgz. Extracting by manifest.
217 silly tarball no local data for enhanced-resolve@https://registry.npmjs.org/enhanced-resolve/-/enhanced-resolve-5.19.0.tgz. Extracting by manifest.
218 silly tarball no local data for fast-equals@https://registry.npmjs.org/fast-equals/-/fast-equals-5.4.0.tgz. Extracting by manifest.
219 silly tarball no local data for eventemitter3@https://registry.npmjs.org/eventemitter3/-/eventemitter3-4.0.7.tgz. Extracting by manifest.
220 silly tarball no local data for embla-carousel-reactive-utils@https://registry.npmjs.org/embla-carousel-reactive-utils/-/embla-carousel-reactive-utils-8.5.1.tgz. Extracting by manifest.
221 silly tarball no local data for escalade@https://registry.npmjs.org/escalade/-/escalade-3.2.0.tgz. Extracting by manifest.
222 silly tarball no local data for electron-to-chromium@https://registry.npmjs.org/electron-to-chromium/-/electron-to-chromium-1.5.286.tgz. Extracting by manifest.
223 silly tarball no local data for dom-helpers@https://registry.npmjs.org/dom-helpers/-/dom-helpers-5.2.1.tgz. Extracting by manifest.
224 silly tarball no local data for didyoumean@https://registry.npmjs.org/didyoumean/-/didyoumean-1.2.2.tgz. Extracting by manifest.
225 silly tarball no local data for embla-carousel-react@https://registry.npmjs.org/embla-carousel-react/-/embla-carousel-react-8.5.1.tgz. Extracting by manifest.
226 silly tarball no local data for detect-node-es@https://registry.npmjs.org/detect-node-es/-/detect-node-es-1.1.0.tgz. Extracting by manifest.
227 silly tarball no local data for detect-libc@https://registry.npmjs.org/detect-libc/-/detect-libc-2.1.2.tgz. Extracting by manifest.
228 silly tarball no local data for embla-carousel@https://registry.npmjs.org/embla-carousel/-/embla-carousel-8.5.1.tgz. Extracting by manifest.
229 silly tarball no local data for dlv@https://registry.npmjs.org/dlv/-/dlv-1.1.3.tgz. Extracting by manifest.
230 silly tarball no local data for decimal.js-light@https://registry.npmjs.org/decimal.js-light/-/decimal.js-light-2.5.1.tgz. Extracting by manifest.
231 silly tarball no local data for d3-timer@https://registry.npmjs.org/d3-timer/-/d3-timer-3.0.1.tgz. Extracting by manifest.
232 silly tarball no local data for d3-scale@https://registry.npmjs.org/d3-scale/-/d3-scale-4.0.2.tgz. Extracting by manifest.
233 silly tarball no local data for d3-shape@https://registry.npmjs.org/d3-shape/-/d3-shape-3.2.0.tgz. Extracting by manifest.
234 silly tarball no local data for date-fns@https://registry.npmjs.org/date-fns/-/date-fns-4.1.0.tgz. Extracting by manifest.
235 silly tarball no local data for d3-time@https://registry.npmjs.org/d3-time/-/d3-time-3.1.0.tgz. Extracting by manifest.
236 silly tarball no local data for d3-time-format@https://registry.npmjs.org/d3-time-format/-/d3-time-format-4.1.0.tgz. Extracting by manifest.
237 silly tarball no local data for d3-path@https://registry.npmjs.org/d3-path/-/d3-path-3.1.0.tgz. Extracting by manifest.
238 silly tarball no local data for d3-interpolate@https://registry.npmjs.org/d3-interpolate/-/d3-interpolate-3.0.1.tgz. Extracting by manifest.
239 silly tarball no local data for d3-format@https://registry.npmjs.org/d3-format/-/d3-format-3.1.2.tgz. Extracting by manifest.
240 silly tarball no local data for d3-color@https://registry.npmjs.org/d3-color/-/d3-color-3.1.0.tgz. Extracting by manifest.
241 silly tarball no local data for d3-ease@https://registry.npmjs.org/d3-ease/-/d3-ease-3.0.1.tgz. Extracting by manifest.
242 silly tarball no local data for cssesc@https://registry.npmjs.org/cssesc/-/cssesc-3.0.0.tgz. Extracting by manifest.
243 silly tarball no local data for d3-array@https://registry.npmjs.org/d3-array/-/d3-array-3.2.4.tgz. Extracting by manifest.
244 silly tarball no local data for csstype@https://registry.npmjs.org/csstype/-/csstype-3.2.3.tgz. Extracting by manifest.
245 silly tarball no local data for clsx@https://registry.npmjs.org/clsx/-/clsx-2.1.1.tgz. Extracting by manifest.
246 silly tarball no local data for client-only@https://registry.npmjs.org/client-only/-/client-only-0.0.1.tgz. Extracting by manifest.
247 silly tarball no local data for cmdk@https://registry.npmjs.org/cmdk/-/cmdk-1.1.1.tgz. Extracting by manifest.
248 silly tarball no local data for commander@https://registry.npmjs.org/commander/-/commander-4.1.1.tgz. Extracting by manifest.
249 silly tarball no local data for chokidar@https://registry.npmjs.org/chokidar/-/chokidar-3.6.0.tgz. Extracting by manifest.
250 silly tarball no local data for class-variance-authority@https://registry.npmjs.org/class-variance-authority/-/class-variance-authority-0.7.1.tgz. Extracting by manifest.
251 silly tarball no local data for caniuse-lite@https://registry.npmjs.org/caniuse-lite/-/caniuse-lite-1.0.30001770.tgz. Extracting by manifest.
252 silly tarball no local data for browserslist@https://registry.npmjs.org/browserslist/-/browserslist-4.28.1.tgz. Extracting by manifest.
253 silly tarball no local data for braces@https://registry.npmjs.org/braces/-/braces-3.0.3.tgz. Extracting by manifest.
254 silly tarball no local data for autoprefixer@https://registry.npmjs.org/autoprefixer/-/autoprefixer-10.4.24.tgz. Extracting by manifest.
255 silly tarball no local data for camelcase-css@https://registry.npmjs.org/camelcase-css/-/camelcase-css-2.0.1.tgz. Extracting by manifest.
256 silly tarball no local data for arg@https://registry.npmjs.org/arg/-/arg-5.0.2.tgz. Extracting by manifest.
257 silly tarball no local data for binary-extensions@https://registry.npmjs.org/binary-extensions/-/binary-extensions-2.3.0.tgz. Extracting by manifest.
258 silly tarball no local data for anymatch@https://registry.npmjs.org/anymatch/-/anymatch-3.1.3.tgz. Extracting by manifest.
259 silly tarball no local data for aria-hidden@https://registry.npmjs.org/aria-hidden/-/aria-hidden-1.2.6.tgz. Extracting by manifest.
260 silly tarball no local data for baseline-browser-mapping@https://registry.npmjs.org/baseline-browser-mapping/-/baseline-browser-mapping-2.9.19.tgz. Extracting by manifest.
261 silly tarball no local data for any-promise@https://registry.npmjs.org/any-promise/-/any-promise-1.3.0.tgz. Extracting by manifest.
262 silly tarball no local data for @types/react-dom@https://registry.npmjs.org/@types/react-dom/-/react-dom-19.2.3.tgz. Extracting by manifest.
263 silly tarball no local data for @types/react@https://registry.npmjs.org/@types/react/-/react-19.2.7.tgz. Extracting by manifest.
264 silly tarball no local data for @types/d3-shape@https://registry.npmjs.org/@types/d3-shape/-/d3-shape-3.1.8.tgz. Extracting by manifest.
265 silly tarball no local data for @types/d3-timer@https://registry.npmjs.org/@types/d3-timer/-/d3-timer-3.0.2.tgz. Extracting by manifest.
266 silly tarball no local data for @types/node@https://registry.npmjs.org/@types/node/-/node-22.19.11.tgz. Extracting by manifest.
267 silly tarball no local data for @types/d3-scale@https://registry.npmjs.org/@types/d3-scale/-/d3-scale-4.0.9.tgz. Extracting by manifest.
268 silly tarball no local data for @types/d3-time@https://registry.npmjs.org/@types/d3-time/-/d3-time-3.0.4.tgz. Extracting by manifest.
269 silly tarball no local data for @types/d3-path@https://registry.npmjs.org/@types/d3-path/-/d3-path-3.1.1.tgz. Extracting by manifest.
270 silly tarball no local data for @types/d3-interpolate@https://registry.npmjs.org/@types/d3-interpolate/-/d3-interpolate-3.0.4.tgz. Extracting by manifest.
271 silly tarball no local data for @types/d3-array@https://registry.npmjs.org/@types/d3-array/-/d3-array-3.2.2.tgz. Extracting by manifest.
272 silly tarball no local data for @types/d3-color@https://registry.npmjs.org/@types/d3-color/-/d3-color-3.1.3.tgz. Extracting by manifest.
273 silly tarball no local data for @types/d3-ease@https://registry.npmjs.org/@types/d3-ease/-/d3-ease-3.0.2.tgz. Extracting by manifest.
274 silly tarball no local data for @tailwindcss/oxide-win32-x64-msvc@https://registry.npmjs.org/@tailwindcss/oxide-win32-x64-msvc/-/oxide-win32-x64-msvc-4.1.18.tgz. Extracting by manifest.
275 silly tarball no local data for @radix-ui/rect@https://registry.npmjs.org/@radix-ui/rect/-/rect-1.1.0.tgz. Extracting by manifest.
276 silly tarball no local data for @radix-ui/react-use-rect@https://registry.npmjs.org/@radix-ui/react-use-rect/-/react-use-rect-1.1.0.tgz. Extracting by manifest.
277 silly tarball no local data for @tailwindcss/oxide@https://registry.npmjs.org/@tailwindcss/oxide/-/oxide-4.1.18.tgz. Extracting by manifest.
278 silly tarball no local data for @tailwindcss/postcss@https://registry.npmjs.org/@tailwindcss/postcss/-/postcss-4.1.18.tgz. Extracting by manifest.
279 silly tarball no local data for @radix-ui/react-visually-hidden@https://registry.npmjs.org/@radix-ui/react-visually-hidden/-/react-visually-hidden-1.1.1.tgz. Extracting by manifest.
280 silly tarball no local data for @swc/helpers@https://registry.npmjs.org/@swc/helpers/-/helpers-0.5.15.tgz. Extracting by manifest.
281 silly tarball no local data for @tailwindcss/node@https://registry.npmjs.org/@tailwindcss/node/-/node-4.1.18.tgz. Extracting by manifest.
282 silly tarball no local data for @radix-ui/react-use-size@https://registry.npmjs.org/@radix-ui/react-use-size/-/react-use-size-1.1.0.tgz. Extracting by manifest.
283 silly tarball no local data for @radix-ui/react-use-previous@https://registry.npmjs.org/@radix-ui/react-use-previous/-/react-use-previous-1.1.0.tgz. Extracting by manifest.
284 silly tarball no local data for @radix-ui/react-use-layout-effect@https://registry.npmjs.org/@radix-ui/react-use-layout-effect/-/react-use-layout-effect-1.1.0.tgz. Extracting by manifest.
285 silly tarball no local data for @radix-ui/react-use-escape-keydown@https://registry.npmjs.org/@radix-ui/react-use-escape-keydown/-/react-use-escape-keydown-1.1.0.tgz. Extracting by manifest.
286 silly tarball no local data for @radix-ui/react-tooltip@https://registry.npmjs.org/@radix-ui/react-tooltip/-/react-tooltip-1.1.6.tgz. Extracting by manifest.
287 silly tarball no local data for @radix-ui/react-use-callback-ref@https://registry.npmjs.org/@radix-ui/react-use-callback-ref/-/react-use-callback-ref-1.1.0.tgz. Extracting by manifest.
288 silly tarball no local data for @radix-ui/react-use-controllable-state@https://registry.npmjs.org/@radix-ui/react-use-controllable-state/-/react-use-controllable-state-1.1.0.tgz. Extracting by manifest.
289 silly tarball no local data for @radix-ui/react-toggle@https://registry.npmjs.org/@radix-ui/react-toggle/-/react-toggle-1.1.1.tgz. Extracting by manifest.
290 silly tarball no local data for @radix-ui/react-toggle-group@https://registry.npmjs.org/@radix-ui/react-toggle-group/-/react-toggle-group-1.1.1.tgz. Extracting by manifest.
291 silly tarball no local data for @radix-ui/react-toast@https://registry.npmjs.org/@radix-ui/react-toast/-/react-toast-1.2.4.tgz. Extracting by manifest.
292 silly tarball no local data for @radix-ui/react-slider@https://registry.npmjs.org/@radix-ui/react-slider/-/react-slider-1.2.2.tgz. Extracting by manifest.
293 silly tarball no local data for @radix-ui/react-tabs@https://registry.npmjs.org/@radix-ui/react-tabs/-/react-tabs-1.1.2.tgz. Extracting by manifest.
294 silly tarball no local data for @radix-ui/react-slot@https://registry.npmjs.org/@radix-ui/react-slot/-/react-slot-1.1.1.tgz. Extracting by manifest.
295 silly tarball no local data for @radix-ui/react-switch@https://registry.npmjs.org/@radix-ui/react-switch/-/react-switch-1.1.2.tgz. Extracting by manifest.
296 silly tarball no local data for @radix-ui/react-use-effect-event@https://registry.npmjs.org/@radix-ui/react-use-effect-event/-/react-use-effect-event-0.0.2.tgz. Extracting by manifest.
297 silly tarball no local data for @radix-ui/react-scroll-area@https://registry.npmjs.org/@radix-ui/react-scroll-area/-/react-scroll-area-1.2.2.tgz. Extracting by manifest.
298 silly tarball no local data for @radix-ui/react-roving-focus@https://registry.npmjs.org/@radix-ui/react-roving-focus/-/react-roving-focus-1.1.1.tgz. Extracting by manifest.
299 silly tarball no local data for @radix-ui/react-separator@https://registry.npmjs.org/@radix-ui/react-separator/-/react-separator-1.1.1.tgz. Extracting by manifest.
300 silly tarball no local data for @radix-ui/react-radio-group@https://registry.npmjs.org/@radix-ui/react-radio-group/-/react-radio-group-1.2.2.tgz. Extracting by manifest.
301 silly tarball no local data for @radix-ui/react-select@https://registry.npmjs.org/@radix-ui/react-select/-/react-select-2.1.4.tgz. Extracting by manifest.
302 silly tarball no local data for @radix-ui/react-progress@https://registry.npmjs.org/@radix-ui/react-progress/-/react-progress-1.1.1.tgz. Extracting by manifest.
303 silly tarball no local data for @radix-ui/react-presence@https://registry.npmjs.org/@radix-ui/react-presence/-/react-presence-1.1.2.tgz. Extracting by manifest.
304 silly tarball no local data for @radix-ui/react-popper@https://registry.npmjs.org/@radix-ui/react-popper/-/react-popper-1.2.1.tgz. Extracting by manifest.
305 silly tarball no local data for @radix-ui/react-navigation-menu@https://registry.npmjs.org/@radix-ui/react-navigation-menu/-/react-navigation-menu-1.2.3.tgz. Extracting by manifest.
306 silly tarball no local data for @radix-ui/react-primitive@https://registry.npmjs.org/@radix-ui/react-primitive/-/react-primitive-2.0.1.tgz. Extracting by manifest.
307 silly tarball no local data for @radix-ui/react-portal@https://registry.npmjs.org/@radix-ui/react-portal/-/react-portal-1.1.3.tgz. Extracting by manifest.
308 silly tarball no local data for @radix-ui/react-menu@https://registry.npmjs.org/@radix-ui/react-menu/-/react-menu-2.1.4.tgz. Extracting by manifest.
309 silly tarball no local data for @radix-ui/react-label@https://registry.npmjs.org/@radix-ui/react-label/-/react-label-2.1.1.tgz. Extracting by manifest.
310 silly tarball no local data for @radix-ui/react-focus-scope@https://registry.npmjs.org/@radix-ui/react-focus-scope/-/react-focus-scope-1.1.1.tgz. Extracting by manifest.
311 silly tarball no local data for @radix-ui/react-popover@https://registry.npmjs.org/@radix-ui/react-popover/-/react-popover-1.1.4.tgz. Extracting by manifest.
312 silly tarball no local data for @radix-ui/react-hover-card@https://registry.npmjs.org/@radix-ui/react-hover-card/-/react-hover-card-1.1.4.tgz. Extracting by manifest.
313 silly tarball no local data for @radix-ui/react-id@https://registry.npmjs.org/@radix-ui/react-id/-/react-id-1.1.0.tgz. Extracting by manifest.
314 silly tarball no local data for @radix-ui/react-focus-guards@https://registry.npmjs.org/@radix-ui/react-focus-guards/-/react-focus-guards-1.1.1.tgz. Extracting by manifest.
315 silly tarball no local data for @radix-ui/react-dismissable-layer@https://registry.npmjs.org/@radix-ui/react-dismissable-layer/-/react-dismissable-layer-1.1.3.tgz. Extracting by manifest.
316 silly tarball no local data for @radix-ui/react-menubar@https://registry.npmjs.org/@radix-ui/react-menubar/-/react-menubar-1.1.4.tgz. Extracting by manifest.
317 silly tarball no local data for @radix-ui/react-direction@https://registry.npmjs.org/@radix-ui/react-direction/-/react-direction-1.1.0.tgz. Extracting by manifest.
318 silly tarball no local data for @radix-ui/react-dialog@https://registry.npmjs.org/@radix-ui/react-dialog/-/react-dialog-1.1.4.tgz. Extracting by manifest.
319 silly tarball no local data for @radix-ui/react-context-menu@https://registry.npmjs.org/@radix-ui/react-context-menu/-/react-context-menu-2.2.4.tgz. Extracting by manifest.
320 silly tarball no local data for @radix-ui/react-dropdown-menu@https://registry.npmjs.org/@radix-ui/react-dropdown-menu/-/react-dropdown-menu-2.1.4.tgz. Extracting by manifest.
321 silly tarball no local data for @radix-ui/react-context@https://registry.npmjs.org/@radix-ui/react-context/-/react-context-1.1.1.tgz. Extracting by manifest.
322 silly tarball no local data for @radix-ui/react-checkbox@https://registry.npmjs.org/@radix-ui/react-checkbox/-/react-checkbox-1.1.3.tgz. Extracting by manifest.
323 silly tarball no local data for @radix-ui/react-avatar@https://registry.npmjs.org/@radix-ui/react-avatar/-/react-avatar-1.1.2.tgz. Extracting by manifest.
324 silly tarball no local data for @radix-ui/react-aspect-ratio@https://registry.npmjs.org/@radix-ui/react-aspect-ratio/-/react-aspect-ratio-1.1.1.tgz. Extracting by manifest.
325 silly tarball no local data for @radix-ui/react-collection@https://registry.npmjs.org/@radix-ui/react-collection/-/react-collection-1.1.1.tgz. Extracting by manifest.
326 silly tarball no local data for @radix-ui/react-collapsible@https://registry.npmjs.org/@radix-ui/react-collapsible/-/react-collapsible-1.1.2.tgz. Extracting by manifest.
327 silly tarball no local data for @radix-ui/react-compose-refs@https://registry.npmjs.org/@radix-ui/react-compose-refs/-/react-compose-refs-1.1.1.tgz. Extracting by manifest.
328 silly tarball no local data for @radix-ui/react-alert-dialog@https://registry.npmjs.org/@radix-ui/react-alert-dialog/-/react-alert-dialog-1.1.4.tgz. Extracting by manifest.
329 silly tarball no local data for @nodelib/fs.walk@https://registry.npmjs.org/@nodelib/fs.walk/-/fs.walk-1.2.8.tgz. Extracting by manifest.
330 silly tarball no local data for @radix-ui/number@https://registry.npmjs.org/@radix-ui/number/-/number-1.1.0.tgz. Extracting by manifest.
331 silly tarball no local data for @radix-ui/react-arrow@https://registry.npmjs.org/@radix-ui/react-arrow/-/react-arrow-1.1.1.tgz. Extracting by manifest.
332 silly tarball no local data for @radix-ui/primitive@https://registry.npmjs.org/@radix-ui/primitive/-/primitive-1.1.1.tgz. Extracting by manifest.
333 silly tarball no local data for @nodelib/fs.scandir@https://registry.npmjs.org/@nodelib/fs.scandir/-/fs.scandir-2.1.5.tgz. Extracting by manifest.
334 silly tarball no local data for @nodelib/fs.stat@https://registry.npmjs.org/@nodelib/fs.stat/-/fs.stat-2.0.5.tgz. Extracting by manifest.
335 silly tarball no local data for @jridgewell/sourcemap-codec@https://registry.npmjs.org/@jridgewell/sourcemap-codec/-/sourcemap-codec-1.5.5.tgz. Extracting by manifest.
336 silly tarball no local data for @jridgewell/resolve-uri@https://registry.npmjs.org/@jridgewell/resolve-uri/-/resolve-uri-3.1.2.tgz. Extracting by manifest.
337 silly tarball no local data for @radix-ui/react-accordion@https://registry.npmjs.org/@radix-ui/react-accordion/-/react-accordion-1.2.2.tgz. Extracting by manifest.
338 silly tarball no local data for @jridgewell/gen-mapping@https://registry.npmjs.org/@jridgewell/gen-mapping/-/gen-mapping-0.3.13.tgz. Extracting by manifest.
339 silly tarball no local data for @jridgewell/trace-mapping@https://registry.npmjs.org/@jridgewell/trace-mapping/-/trace-mapping-0.3.31.tgz. Extracting by manifest.
340 silly tarball no local data for @jridgewell/remapping@https://registry.npmjs.org/@jridgewell/remapping/-/remapping-2.3.5.tgz. Extracting by manifest.
341 silly tarball no local data for @next/swc-win32-x64-msvc@https://registry.npmjs.org/@next/swc-win32-x64-msvc/-/swc-win32-x64-msvc-16.1.6.tgz. Extracting by manifest.
342 silly tarball no local data for @img/sharp-win32-x64@https://registry.npmjs.org/@img/sharp-win32-x64/-/sharp-win32-x64-0.34.5.tgz. Extracting by manifest.
343 silly tarball no local data for @hookform/resolvers@https://registry.npmjs.org/@hookform/resolvers/-/resolvers-3.10.0.tgz. Extracting by manifest.
344 silly tarball no local data for @next/env@https://registry.npmjs.org/@next/env/-/env-16.1.6.tgz. Extracting by manifest.
345 silly tarball no local data for @floating-ui/utils@https://registry.npmjs.org/@floating-ui/utils/-/utils-0.2.10.tgz. Extracting by manifest.
346 silly tarball no local data for @babel/runtime@https://registry.npmjs.org/@babel/runtime/-/runtime-7.28.6.tgz. Extracting by manifest.
347 silly tarball no local data for @floating-ui/core@https://registry.npmjs.org/@floating-ui/core/-/core-1.7.4.tgz. Extracting by manifest.
348 silly tarball no local data for @emnapi/runtime@https://registry.npmjs.org/@emnapi/runtime/-/runtime-1.8.1.tgz. Extracting by manifest.
349 silly tarball no local data for @img/colour@https://registry.npmjs.org/@img/colour/-/colour-1.0.0.tgz. Extracting by manifest.
350 silly tarball no local data for @floating-ui/dom@https://registry.npmjs.org/@floating-ui/dom/-/dom-1.7.5.tgz. Extracting by manifest.
351 silly tarball no local data for jiti@https://registry.npmjs.org/jiti/-/jiti-1.21.7.tgz. Extracting by manifest.
352 silly tarball no local data for @alloc/quick-lru@https://registry.npmjs.org/@alloc/quick-lru/-/quick-lru-5.2.0.tgz. Extracting by manifest.
353 silly tarball no local data for postcss@https://registry.npmjs.org/postcss/-/postcss-8.4.31.tgz. Extracting by manifest.
354 silly tarball no local data for picomatch@https://registry.npmjs.org/picomatch/-/picomatch-4.0.3.tgz. Extracting by manifest.
355 silly tarball no local data for @radix-ui/react-use-layout-effect@https://registry.npmjs.org/@radix-ui/react-use-layout-effect/-/react-use-layout-effect-1.1.1.tgz. Extracting by manifest.
356 silly tarball no local data for glob-parent@https://registry.npmjs.org/glob-parent/-/glob-parent-5.1.2.tgz. Extracting by manifest.
357 silly tarball no local data for @floating-ui/react-dom@https://registry.npmjs.org/@floating-ui/react-dom/-/react-dom-2.1.7.tgz. Extracting by manifest.
358 silly tarball no local data for react-is@https://registry.npmjs.org/react-is/-/react-is-16.13.1.tgz. Extracting by manifest.
359 silly tarball no local data for @radix-ui/react-use-callback-ref@https://registry.npmjs.org/@radix-ui/react-use-callback-ref/-/react-use-callback-ref-1.1.1.tgz. Extracting by manifest.
360 silly tarball no local data for @radix-ui/react-use-escape-keydown@https://registry.npmjs.org/@radix-ui/react-use-escape-keydown/-/react-use-escape-keydown-1.1.1.tgz. Extracting by manifest.
361 silly tarball no local data for @radix-ui/react-presence@https://registry.npmjs.org/@radix-ui/react-presence/-/react-presence-1.1.5.tgz. Extracting by manifest.
362 silly tarball no local data for @radix-ui/react-slot@https://registry.npmjs.org/@radix-ui/react-slot/-/react-slot-1.2.4.tgz. Extracting by manifest.
363 silly tarball no local data for @radix-ui/react-slot@https://registry.npmjs.org/@radix-ui/react-slot/-/react-slot-1.2.3.tgz. Extracting by manifest.
364 silly tarball no local data for @radix-ui/react-primitive@https://registry.npmjs.org/@radix-ui/react-primitive/-/react-primitive-2.1.4.tgz. Extracting by manifest.
365 silly tarball no local data for @radix-ui/react-primitive@https://registry.npmjs.org/@radix-ui/react-primitive/-/react-primitive-2.1.3.tgz. Extracting by manifest.
366 silly tarball no local data for @radix-ui/react-portal@https://registry.npmjs.org/@radix-ui/react-portal/-/react-portal-1.1.9.tgz. Extracting by manifest.
367 silly tarball no local data for @radix-ui/react-use-controllable-state@https://registry.npmjs.org/@radix-ui/react-use-controllable-state/-/react-use-controllable-state-1.2.2.tgz. Extracting by manifest.
368 silly tarball no local data for @radix-ui/react-focus-guards@https://registry.npmjs.org/@radix-ui/react-focus-guards/-/react-focus-guards-1.1.3.tgz. Extracting by manifest.
369 silly tarball no local data for @radix-ui/react-id@https://registry.npmjs.org/@radix-ui/react-id/-/react-id-1.1.1.tgz. Extracting by manifest.
370 silly tarball no local data for @radix-ui/react-primitive@https://registry.npmjs.org/@radix-ui/react-primitive/-/react-primitive-2.1.3.tgz. Extracting by manifest.
371 silly tarball no local data for @radix-ui/react-focus-scope@https://registry.npmjs.org/@radix-ui/react-focus-scope/-/react-focus-scope-1.1.7.tgz. Extracting by manifest.
372 silly tarball no local data for @radix-ui/react-primitive@https://registry.npmjs.org/@radix-ui/react-primitive/-/react-primitive-2.1.3.tgz. Extracting by manifest.
373 silly tarball no local data for @radix-ui/react-primitive@https://registry.npmjs.org/@radix-ui/react-primitive/-/react-primitive-2.1.3.tgz. Extracting by manifest.
374 silly tarball no local data for @radix-ui/react-dialog@https://registry.npmjs.org/@radix-ui/react-dialog/-/react-dialog-1.1.15.tgz. Extracting by manifest.
375 silly tarball no local data for @radix-ui/react-dismissable-layer@https://registry.npmjs.org/@radix-ui/react-dismissable-layer/-/react-dismissable-layer-1.1.11.tgz. Extracting by manifest.
376 silly tarball no local data for @radix-ui/react-compose-refs@https://registry.npmjs.org/@radix-ui/react-compose-refs/-/react-compose-refs-1.1.2.tgz. Extracting by manifest.
377 silly tarball no local data for @radix-ui/primitive@https://registry.npmjs.org/@radix-ui/primitive/-/primitive-1.1.3.tgz. Extracting by manifest.
378 silly tarball no local data for glob-parent@https://registry.npmjs.org/glob-parent/-/glob-parent-5.1.2.tgz. Extracting by manifest.
379 silly tarball no local data for tailwindcss@https://registry.npmjs.org/tailwindcss/-/tailwindcss-4.1.18.tgz. Extracting by manifest.
380 silly tarball no local data for tailwindcss@https://registry.npmjs.org/tailwindcss/-/tailwindcss-4.1.18.tgz. Extracting by manifest.
381 silly tarball no local data for @radix-ui/react-context@https://registry.npmjs.org/@radix-ui/react-context/-/react-context-1.1.2.tgz. Extracting by manifest.
382 silly tarball no local data for @radix-ui/react-use-layout-effect@https://registry.npmjs.org/@radix-ui/react-use-layout-effect/-/react-use-layout-effect-1.1.1.tgz. Extracting by manifest.
383 http fetch GET 200 https://registry.npmjs.org/tapable/-/tapable-2.3.0.tgz 379ms (cache miss)
384 http fetch GET 200 https://registry.npmjs.org/use-sidecar/-/use-sidecar-1.1.3.tgz 410ms (cache miss)
385 http fetch GET 200 https://registry.npmjs.org/vaul/-/vaul-1.1.2.tgz 416ms (cache miss)
386 http fetch GET 200 https://registry.npmjs.org/thenify/-/thenify-3.3.1.tgz 441ms (cache miss)
387 http fetch GET 200 https://registry.npmjs.org/util-deprecate/-/util-deprecate-1.0.2.tgz 448ms (cache miss)
388 http fetch GET 200 https://registry.npmjs.org/update-browserslist-db/-/update-browserslist-db-1.2.3.tgz 454ms (cache miss)
389 http fetch GET 200 https://registry.npmjs.org/thenify-all/-/thenify-all-1.6.0.tgz 451ms (cache miss)
390 http fetch GET 200 https://registry.npmjs.org/tinyglobby/-/tinyglobby-0.2.15.tgz 456ms (cache miss)
391 http fetch GET 200 https://registry.npmjs.org/tailwindcss-animate/-/tailwindcss-animate-1.0.7.tgz 454ms (cache miss)
392 http fetch GET 200 https://registry.npmjs.org/tiny-invariant/-/tiny-invariant-1.3.3.tgz 456ms (cache miss)
393 http fetch GET 200 https://registry.npmjs.org/ts-interface-checker/-/ts-interface-checker-0.1.13.tgz 460ms (cache miss)
394 http fetch GET 200 https://registry.npmjs.org/undici-types/-/undici-types-6.21.0.tgz 508ms (cache miss)
395 http fetch GET 200 https://registry.npmjs.org/use-callback-ref/-/use-callback-ref-1.3.3.tgz 553ms (cache miss)
396 http fetch GET 200 https://registry.npmjs.org/tslib/-/tslib-2.8.1.tgz 568ms (cache miss)
397 http fetch GET 200 https://registry.npmjs.org/supports-preserve-symlinks-flag/-/supports-preserve-symlinks-flag-1.0.0.tgz 568ms (cache miss)
398 http fetch GET 200 https://registry.npmjs.org/scheduler/-/scheduler-0.27.0.tgz 674ms (cache miss)
399 http fetch POST 200 https://registry.npmjs.org/-/npm/v1/security/advisories/bulk 814ms
400 silly audit report {
400 silly audit report   lodash: [
400 silly audit report     {
400 silly audit report       id: 1115806,
400 silly audit report       url: 'https://github.com/advisories/GHSA-r5fr-rjxr-66jc',
400 silly audit report       title: 'lodash vulnerable to Code Injection via `_.template` imports key names',
400 silly audit report       severity: 'high',
400 silly audit report       vulnerable_versions: '>=4.0.0 <=4.17.23',
400 silly audit report       cwe: [Array],
400 silly audit report       cvss: [Object]
400 silly audit report     },
400 silly audit report     {
400 silly audit report       id: 1115810,
400 silly audit report       url: 'https://github.com/advisories/GHSA-f23m-r3pf-42rh',
400 silly audit report       title: 'lodash vulnerable to Prototype Pollution via array path bypass in `_.unset` and `_.omit`',
400 silly audit report       severity: 'moderate',
400 silly audit report       vulnerable_versions: '<=4.17.23',
400 silly audit report       cwe: [Array],
400 silly audit report       cvss: [Object]
400 silly audit report     }
400 silly audit report   ],
400 silly audit report   next: [
400 silly audit report     {
400 silly audit report       id: 1117974,
400 silly audit report       url: 'https://github.com/advisories/GHSA-3g8h-86w9-wvmq',
400 silly audit report       title: "Next.js's Middleware / Proxy redirects can be cache-poisoned",
400 silly audit report       severity: 'low',
400 silly audit report       vulnerable_versions: '>=16.0.0 <16.2.5',
400 silly audit report       cwe: [Array],
400 silly audit report       cvss: [Object]
400 silly audit report     },
400 silly audit report     {
400 silly audit report       id: 1117930,
400 silly audit report       url: 'https://github.com/advisories/GHSA-8h8q-6873-q5fj',
400 silly audit report       title: 'Next.js Vulnerable to Denial of Service with Server Components',
400 silly audit report       severity: 'high',
400 silly audit report       vulnerable_versions: '>=16.0.0 <16.2.5',
400 silly audit report       cwe: [Array],
400 silly audit report       cvss: [Object]
400 silly audit report     },
400 silly audit report     {
400 silly audit report       id: 1117954,
400 silly audit report       url: 'https://github.com/advisories/GHSA-ffhc-5mcf-pf4q',
400 silly audit report       title: 'Next.js vulnerable to cross-site scripting in App Router applications using CSP nonces',
400 silly audit report       severity: 'moderate',
400 silly audit report       vulnerable_versions: '>=16.0.0 <16.2.5',
400 silly audit report       cwe: [Array],
400 silly audit report       cvss: [Object]
400 silly audit report     },
400 silly audit report     {
400 silly audit report       id: 1117956,
400 silly audit report       url: 'https://github.com/advisories/GHSA-vfv6-92ff-j949',
400 silly audit report       title: 'Next.js vulnerable to cache poisoning via collisions in React Server Component cache-busting',
400 silly audit report       severity: 'low',
400 silly audit report       vulnerable_versions: '>=16.0.0 <16.2.5',
400 silly audit report       cwe: [Array],
400 silly audit report       cvss: [Object]
400 silly audit report     },
400 silly audit report     {
400 silly audit report       id: 1117958,
400 silly audit report       url: 'https://github.com/advisories/GHSA-gx5p-jg67-6x7h',
400 silly audit report       title: 'Next.js has cross-site scripting in beforeInteractive scripts with untrusted input',
400 silly audit report       severity: 'moderate',
400 silly audit report       vulnerable_versions: '>=16.0.0 <16.2.5',
400 silly audit report       cwe: [Array],
400 silly audit report       cvss: [Object]
400 silly audit report     },
400 silly audit report     {
400 silly audit report       id: 1117960,
400 silly audit report       url: 'https://github.com/advisories/GHSA-mg66-mrh9-m8jx',
400 silly audit report       title: 'Next.js vulnerable to Denial of Service via connection exhaustion in applications using Cache Components',
400 silly audit report       severity: 'high',
400 silly audit report       vulnerable_versions: '>=16.0.0 <16.2.5',
400 silly audit report       cwe: [Array],
400 silly audit report       cvss: [Object]
400 silly audit report     },
400 silly audit report     {
400 silly audit report       id: 1117962,
400 silly audit report       url: 'https://github.com/advisories/GHSA-h64f-5h5j-jqjh',
400 silly audit report       title: 'Next.js has a Denial of Service in the Image Optimization API',
400 silly audit report       severity: 'moderate',
400 silly audit report       vulnerable_versions: '>=16.0.0 <16.2.5',
400 silly audit report       cwe: [Array],
400 silly audit report       cvss: [Object]
400 silly audit report     },
400 silly audit report     {
400 silly audit report       id: 1117964,
400 silly audit report       url: 'https://github.com/advisories/GHSA-c4j6-fc7j-m34r',
400 silly audit report       title: 'Next.js vulnerable to server-side request forgery in applications using WebSocket upgrades',
400 silly audit report       severity: 'high',
400 silly audit report       vulnerable_versions: '>=16.0.0 <16.2.5',
400 silly audit report       cwe: [Array],
400 silly audit report       cvss: [Object]
400 silly audit report     },
400 silly audit report     {
400 silly audit report       id: 1117966,
400 silly audit report       url: 'https://github.com/advisories/GHSA-492v-c6pp-mqqv',
400 silly audit report       title: 'Next.js has a Middleware / Proxy bypass through dynamic route parameter injection',
400 silly audit report       severity: 'high',
400 silly audit report       vulnerable_versions: '>=16.0.0 <16.2.5',
400 silly audit report       cwe: [Array],
400 silly audit report       cvss: [Object]
400 silly audit report     },
400 silly audit report     {
400 silly audit report       id: 1117968,
400 silly audit report       url: 'https://github.com/advisories/GHSA-wfc6-r584-vfw7',
400 silly audit report       title: 'Next.js vulnerable to cache poisoning in React Server Component responses',
400 silly audit report       severity: 'moderate',
400 silly audit report       vulnerable_versions: '>=16.0.0 <16.2.5',
400 silly audit report       cwe: [Array],
400 silly audit report       cvss: [Object]
400 silly audit report     },
400 silly audit report     {
400 silly audit report       id: 1117970,
400 silly audit report       url: 'https://github.com/advisories/GHSA-267c-6grr-h53f',
400 silly audit report       title: 'Next.js has a Middleware / Proxy bypass in App Router applications via segment-prefetch routes',
400 silly audit report       severity: 'high',
400 silly audit report       vulnerable_versions: '>=16.0.0 <16.2.5',
400 silly audit report       cwe: [Array],
400 silly audit report       cvss: [Object]
400 silly audit report     },
400 silly audit report     {
400 silly audit report       id: 1117972,
400 silly audit report       url: 'https://github.com/advisories/GHSA-36qx-fr4f-26g5',
400 silly audit report       title: 'Next.js has a Middleware / Proxy bypass in Pages Router applications using i18n',
400 silly audit report       severity: 'high',
400 silly audit report       vulnerable_versions: '>=16.0.0 <16.2.5',
400 silly audit report       cwe: [Array],
400 silly audit report       cvss: [Object]
400 silly audit report     },
400 silly audit report     {
400 silly audit report       id: 1117979,
400 silly audit report       url: 'https://github.com/advisories/GHSA-26hh-7cqf-hhc6',
400 silly audit report       title: 'Next.js has a Middleware / Proxy bypass in App Router applications via segment-prefetch routes - Incomplete Fix Follow-Up',
400 silly audit report       severity: 'high',
400 silly audit report       vulnerable_versions: '>=16.0.0 <16.2.6',
400 silly audit report       cwe: [Array],
400 silly audit report       cvss: [Object]
400 silly audit report     },
400 silly audit report     {
400 silly audit report       id: 1114898,
400 silly audit report       url: 'https://github.com/advisories/GHSA-ggv3-7p47-pfv8',
400 silly audit report       title: 'Next.js: HTTP request smuggling in rewrites',
400 silly audit report       severity: 'moderate',
400 silly audit report       vulnerable_versions: '>=16.0.0-beta.0 <16.1.7',
400 silly audit report       cwe: [Array],
400 silly audit report       cvss: [Object]
400 silly audit report     },
400 silly audit report     {
400 silly audit report       id: 1114941,
400 silly audit report       url: 'https://github.com/advisories/GHSA-3x4c-7xq6-9pq8',
400 silly audit report       title: 'Next.js: Unbounded next/image disk cache growth can exhaust storage',
400 silly audit report       severity: 'moderate',
400 silly audit report       vulnerable_versions: '>=16.0.0-beta.0 <16.1.7',
400 silly audit report       cwe: [Array],
400 silly audit report       cvss: [Object]
400 silly audit report     },
400 silly audit report     {
400 silly audit report       id: 1114942,
400 silly audit report       url: 'https://github.com/advisories/GHSA-h27x-g6w4-24gq',
400 silly audit report       title: 'Next.js: Unbounded postponed resume buffering can lead to DoS',
400 silly audit report       severity: 'moderate',
400 silly audit report       vulnerable_versions: '>=16.0.1 <16.1.7',
400 silly audit report       cwe: [Array],
400 silly audit report       cvss: [Object]
400 silly audit report     },
400 silly audit report     {
400 silly audit report       id: 1114943,
400 silly audit report       url: 'https://github.com/advisories/GHSA-mq59-m269-xvcx',
400 silly audit report       title: 'Next.js: null origin can bypass Server Actions CSRF checks',
400 silly audit report       severity: 'moderate',
400 silly audit report       vulnerable_versions: '>=16.0.1 <16.1.7',
400 silly audit report       cwe: [Array],
400 silly audit report       cvss: [Object]
400 silly audit report     },
400 silly audit report     {
400 silly audit report       id: 1115360,
400 silly audit report       url: 'https://github.com/advisories/GHSA-jcc7-9wpm-mj36',
400 silly audit report       title: 'Next.js: null origin can bypass dev HMR websocket CSRF checks',
400 silly audit report       severity: 'low',
400 silly audit report       vulnerable_versions: '>=16.0.1 <16.1.7',
400 silly audit report       cwe: [Array],
400 silly audit report       cvss: [Object]
400 silly audit report     },
400 silly audit report     {
400 silly audit report       id: 1116375,
400 silly audit report       url: 'https://github.com/advisories/GHSA-q4gf-8mx6-v5v3',
400 silly audit report       title: 'Next.js has a Denial of Service with Server Components',
400 silly audit report       severity: 'high',
400 silly audit report       vulnerable_versions: '>=16.0.0-beta.0 <16.2.3',
400 silly audit report       cwe: [Array],
400 silly audit report       cvss: [Object]
400 silly audit report     }
400 silly audit report   ],
400 silly audit report   postcss: [
400 silly audit report     {
400 silly audit report       id: 1117015,
400 silly audit report       url: 'https://github.com/advisories/GHSA-qx2v-qp2m-jg93',
400 silly audit report       title: 'PostCSS has XSS via Unescaped </style> in its CSS Stringify Output',
400 silly audit report       severity: 'moderate',
400 silly audit report       vulnerable_versions: '<8.5.10',
400 silly audit report       cwe: [Array],
400 silly audit report       cvss: [Object]
400 silly audit report     }
400 silly audit report   ],
400 silly audit report   picomatch: [
400 silly audit report     {
400 silly audit report       id: 1115549,
400 silly audit report       url: 'https://github.com/advisories/GHSA-3v7f-55p6-f55p',
400 silly audit report       title: 'Picomatch: Method Injection in POSIX Character Classes causes incorrect Glob Matching',
400 silly audit report       severity: 'moderate',
400 silly audit report       vulnerable_versions: '<2.3.2',
400 silly audit report       cwe: [Array],
400 silly audit report       cvss: [Object]
400 silly audit report     },
400 silly audit report     {
400 silly audit report       id: 1115551,
400 silly audit report       url: 'https://github.com/advisories/GHSA-3v7f-55p6-f55p',
400 silly audit report       title: 'Picomatch: Method Injection in POSIX Character Classes causes incorrect Glob Matching',
400 silly audit report       severity: 'moderate',
400 silly audit report       vulnerable_versions: '>=4.0.0 <4.0.4',
400 silly audit report       cwe: [Array],
400 silly audit report       cvss: [Object]
400 silly audit report     },
400 silly audit report     {
400 silly audit report       id: 1115552,
400 silly audit report       url: 'https://github.com/advisories/GHSA-c2c7-rcm5-vvqj',
400 silly audit report       title: 'Picomatch has a ReDoS vulnerability via extglob quantifiers',
400 silly audit report       severity: 'high',
400 silly audit report       vulnerable_versions: '<2.3.2',
400 silly audit report       cwe: [Array],
400 silly audit report       cvss: [Object]
400 silly audit report     },
400 silly audit report     {
400 silly audit report       id: 1115554,
400 silly audit report       url: 'https://github.com/advisories/GHSA-c2c7-rcm5-vvqj',
400 silly audit report       title: 'Picomatch has a ReDoS vulnerability via extglob quantifiers',
400 silly audit report       severity: 'high',
400 silly audit report       vulnerable_versions: '>=4.0.0 <4.0.4',
400 silly audit report       cwe: [Array],
400 silly audit report       cvss: [Object]
400 silly audit report     }
400 silly audit report   ]
400 silly audit report }
401 silly packumentCache corgi:https://registry.npmjs.org/lodash cache-miss
402 silly packumentCache corgi:https://registry.npmjs.org/next cache-miss
403 silly packumentCache corgi:https://registry.npmjs.org/postcss cache-miss
404 silly packumentCache corgi:https://registry.npmjs.org/picomatch cache-miss
405 http fetch GET 200 https://registry.npmjs.org/run-parallel/-/run-parallel-1.2.0.tgz 736ms (cache miss)
406 http fetch GET 200 https://registry.npmjs.org/sonner/-/sonner-1.7.4.tgz 742ms (cache miss)
407 http fetch GET 200 https://registry.npmjs.org/source-map-js/-/source-map-js-1.2.1.tgz 743ms (cache miss)
408 http fetch GET 200 https://registry.npmjs.org/reusify/-/reusify-1.1.0.tgz 757ms (cache miss)
409 http fetch GET 200 https://registry.npmjs.org/semver/-/semver-7.7.4.tgz 785ms (cache miss)
410 http fetch GET 200 https://registry.npmjs.org/victory-vendor/-/victory-vendor-36.9.2.tgz 908ms (cache miss)
411 http fetch GET 200 https://registry.npmjs.org/tailwind-merge/-/tailwind-merge-2.6.1.tgz 920ms (cache miss)
412 http fetch GET 200 https://registry.npmjs.org/sharp/-/sharp-0.34.5.tgz 936ms (cache miss)
413 http fetch GET 200 https://registry.npmjs.org/read-cache/-/read-cache-1.0.0.tgz 935ms (cache miss)
414 http fetch GET 200 https://registry.npmjs.org/react-style-singleton/-/react-style-singleton-2.2.3.tgz 991ms (cache miss)
415 http fetch GET 200 https://registry.npmjs.org/recharts-scale/-/recharts-scale-0.4.5.tgz 1014ms (cache miss)
416 http fetch GET 200 https://registry.npmjs.org/react-smooth/-/react-smooth-4.0.4.tgz 1012ms (cache miss)
417 http fetch GET 200 https://registry.npmjs.org/resolve/-/resolve-1.22.11.tgz 1031ms (cache miss)
418 http fetch GET 200 https://registry.npmjs.org/readdirp/-/readdirp-3.6.0.tgz 1035ms (cache miss)
419 http fetch GET 200 https://registry.npmjs.org/styled-jsx/-/styled-jsx-5.1.6.tgz 1134ms (cache miss)
420 http fetch GET 200 https://registry.npmjs.org/sucrase/-/sucrase-3.35.1.tgz 1213ms (cache miss)
421 http fetch GET 200 https://registry.npmjs.org/to-regex-range/-/to-regex-range-5.0.1.tgz 1231ms (cache miss)
422 http fetch GET 200 https://registry.npmjs.org/react-remove-scroll-bar/-/react-remove-scroll-bar-2.3.8.tgz 1238ms (cache miss)
423 http fetch GET 200 https://registry.npmjs.org/react-is/-/react-is-18.3.1.tgz 1282ms (cache miss)
424 http fetch GET 200 https://registry.npmjs.org/react-transition-group/-/react-transition-group-4.4.5.tgz 1288ms (cache miss)
425 http fetch GET 200 https://registry.npmjs.org/react-remove-scroll/-/react-remove-scroll-2.7.2.tgz 1290ms (cache miss)
426 http fetch GET 200 https://registry.npmjs.org/react/-/react-19.2.3.tgz 1299ms (cache miss)
427 http fetch GET 200 https://registry.npmjs.org/zod/-/zod-3.25.76.tgz 1386ms (cache miss)
428 http fetch GET 200 https://registry.npmjs.org/queue-microtask/-/queue-microtask-1.2.3.tgz 1625ms (cache miss)
429 http fetch GET 200 https://registry.npmjs.org/prop-types/-/prop-types-15.8.1.tgz 1634ms (cache miss)
430 http fetch GET 200 https://registry.npmjs.org/postcss-selector-parser/-/postcss-selector-parser-6.1.2.tgz 1655ms (cache miss)
431 http fetch GET 200 https://registry.npmjs.org/postcss-nested/-/postcss-nested-6.2.0.tgz 1737ms (cache miss)
432 http fetch GET 200 https://registry.npmjs.org/postcss-js/-/postcss-js-4.1.0.tgz 1759ms (cache miss)
433 http fetch GET 200 https://registry.npmjs.org/postcss-load-config/-/postcss-load-config-6.0.1.tgz 1765ms (cache miss)
434 http fetch GET 200 https://registry.npmjs.org/postcss-value-parser/-/postcss-value-parser-4.2.0.tgz 1770ms (cache miss)
435 http fetch GET 200 https://registry.npmjs.org/postcss-import/-/postcss-import-15.1.0.tgz 1828ms (cache miss)
436 http fetch GET 200 https://registry.npmjs.org/react-resizable-panels/-/react-resizable-panels-2.1.9.tgz 2116ms (cache miss)
437 http fetch GET 200 https://registry.npmjs.org/path-parse/-/path-parse-1.0.7.tgz 2157ms (cache miss)
438 http fetch GET 200 https://registry.npmjs.org/postcss/-/postcss-8.5.6.tgz 2164ms (cache miss)
439 http fetch GET 200 https://registry.npmjs.org/pirates/-/pirates-4.0.7.tgz 2301ms (cache miss)
440 http fetch GET 200 https://registry.npmjs.org/pify/-/pify-2.3.0.tgz 2331ms (cache miss)
441 http fetch GET 200 https://registry.npmjs.org/picocolors/-/picocolors-1.1.1.tgz 2343ms (cache miss)
442 http fetch GET 200 https://registry.npmjs.org/object-assign/-/object-assign-4.1.1.tgz 2350ms (cache miss)
443 http fetch GET 200 https://registry.npmjs.org/picomatch/-/picomatch-2.3.1.tgz 2376ms (cache miss)
444 http fetch GET 200 https://registry.npmjs.org/normalize-path/-/normalize-path-3.0.0.tgz 2444ms (cache miss)
445 http fetch GET 200 https://registry.npmjs.org/react-day-picker/-/react-day-picker-8.10.1.tgz 2623ms (cache miss)
446 http fetch GET 200 https://registry.npmjs.org/next-themes/-/next-themes-0.4.6.tgz 2753ms (cache miss)
447 http fetch GET 200 https://registry.npmjs.org/nanoid/-/nanoid-3.3.11.tgz 2873ms (cache miss)
448 http fetch GET 200 https://registry.npmjs.org/node-releases/-/node-releases-2.0.27.tgz 2881ms (cache miss)
449 http fetch GET 200 https://registry.npmjs.org/object-hash/-/object-hash-3.0.0.tgz 3073ms (cache miss)
450 http fetch GET 200 https://registry.npmjs.org/merge2/-/merge2-1.4.1.tgz 3082ms (cache miss)
451 http fetch GET 200 https://registry.npmjs.org/micromatch/-/micromatch-4.0.8.tgz 3083ms (cache miss)
452 http fetch GET 200 https://registry.npmjs.org/mz/-/mz-2.7.0.tgz 3130ms (cache miss)
453 http fetch GET 200 https://registry.npmjs.org/loose-envify/-/loose-envify-1.4.0.tgz 3250ms (cache miss)
454 http fetch GET 200 https://registry.npmjs.org/react-hook-form/-/react-hook-form-7.71.1.tgz 3380ms (cache miss)
455 http fetch GET 200 https://registry.npmjs.org/lines-and-columns/-/lines-and-columns-1.2.4.tgz 3631ms (cache miss)
456 http fetch GET 200 https://registry.npmjs.org/lilconfig/-/lilconfig-3.1.3.tgz 3683ms (cache miss)
457 http fetch GET 200 https://registry.npmjs.org/is-number/-/is-number-7.0.0.tgz 3884ms (cache miss)
458 http fetch GET 200 https://registry.npmjs.org/js-tokens/-/js-tokens-4.0.0.tgz 3927ms (cache miss)
459 http fetch GET 200 https://registry.npmjs.org/magic-string/-/magic-string-0.30.21.tgz 4252ms (cache miss)
460 http fetch GET 200 https://registry.npmjs.org/is-glob/-/is-glob-4.0.3.tgz 4490ms (cache miss)
461 http fetch GET 200 https://registry.npmjs.org/is-binary-path/-/is-binary-path-2.1.0.tgz 4501ms (cache miss)
462 http fetch GET 200 https://registry.npmjs.org/lightningcss/-/lightningcss-1.30.2.tgz 4607ms (cache miss)
463 http fetch GET 200 https://registry.npmjs.org/internmap/-/internmap-2.0.3.tgz 4672ms (cache miss)
464 http fetch GET 200 https://registry.npmjs.org/is-core-module/-/is-core-module-2.16.1.tgz 4690ms (cache miss)
465 http fetch GET 200 https://registry.npmjs.org/input-otp/-/input-otp-1.4.1.tgz 5018ms (cache miss)
466 http fetch GET 200 https://registry.npmjs.org/tailwindcss/-/tailwindcss-3.4.19.tgz 5087ms (cache miss)
467 http fetch GET 200 https://registry.npmjs.org/hasown/-/hasown-2.0.2.tgz 5108ms (cache miss)
468 http fetch GET 200 https://registry.npmjs.org/function-bind/-/function-bind-1.1.2.tgz 5113ms (cache miss)
469 http fetch GET 200 https://registry.npmjs.org/graceful-fs/-/graceful-fs-4.2.11.tgz 5148ms (cache miss)
470 http fetch GET 200 https://registry.npmjs.org/get-nonce/-/get-nonce-1.0.1.tgz 5149ms (cache miss)
471 http fetch GET 200 https://registry.npmjs.org/fill-range/-/fill-range-7.1.1.tgz 5153ms (cache miss)
472 http fetch GET 200 https://registry.npmjs.org/fraction.js/-/fraction.js-5.3.4.tgz 5329ms (cache miss)
473 http fetch GET 200 https://registry.npmjs.org/is-extglob/-/is-extglob-2.1.1.tgz 5349ms (cache miss)
474 http fetch GET 200 https://registry.npmjs.org/glob-parent/-/glob-parent-6.0.2.tgz 5360ms (cache miss)
475 http fetch GET 200 https://registry.npmjs.org/fastq/-/fastq-1.20.1.tgz 5400ms (cache miss)
476 http fetch GET 200 https://registry.npmjs.org/fdir/-/fdir-6.5.0.tgz 5413ms (cache miss)
477 http fetch GET 200 https://registry.npmjs.org/fast-glob/-/fast-glob-3.3.3.tgz 5461ms (cache miss)
478 http fetch GET 200 https://registry.npmjs.org/lodash/-/lodash-4.17.23.tgz 5481ms (cache miss)
479 http fetch GET 200 https://registry.npmjs.org/enhanced-resolve/-/enhanced-resolve-5.19.0.tgz 5492ms (cache miss)
480 http fetch GET 200 https://registry.npmjs.org/eventemitter3/-/eventemitter3-4.0.7.tgz 5569ms (cache miss)
481 http fetch GET 200 https://registry.npmjs.org/jiti/-/jiti-2.6.1.tgz 5614ms (cache miss)
482 http fetch GET 200 https://registry.npmjs.org/escalade/-/escalade-3.2.0.tgz 5603ms (cache miss)
483 http fetch GET 200 https://registry.npmjs.org/electron-to-chromium/-/electron-to-chromium-1.5.286.tgz 5627ms (cache miss)
484 http fetch GET 200 https://registry.npmjs.org/didyoumean/-/didyoumean-1.2.2.tgz 5645ms (cache miss)
485 http fetch GET 200 https://registry.npmjs.org/embla-carousel-reactive-utils/-/embla-carousel-reactive-utils-8.5.1.tgz 5646ms (cache miss)
486 http fetch GET 200 https://registry.npmjs.org/detect-node-es/-/detect-node-es-1.1.0.tgz 5694ms (cache miss)
487 http fetch GET 200 https://registry.npmjs.org/fast-equals/-/fast-equals-5.4.0.tgz 5748ms (cache miss)
488 http fetch GET 200 https://registry.npmjs.org/detect-libc/-/detect-libc-2.1.2.tgz 5770ms (cache miss)
489 http fetch GET 200 https://registry.npmjs.org/dlv/-/dlv-1.1.3.tgz 5830ms (cache miss)
490 http fetch GET 200 https://registry.npmjs.org/d3-timer/-/d3-timer-3.0.1.tgz 5833ms (cache miss)
491 http fetch GET 200 https://registry.npmjs.org/embla-carousel-react/-/embla-carousel-react-8.5.1.tgz 5869ms (cache miss)
492 http fetch GET 200 https://registry.npmjs.org/d3-scale/-/d3-scale-4.0.2.tgz 5878ms (cache miss)
493 http fetch GET 200 https://registry.npmjs.org/dom-helpers/-/dom-helpers-5.2.1.tgz 5888ms (cache miss)
494 http fetch GET 200 https://registry.npmjs.org/d3-time/-/d3-time-3.1.0.tgz 5901ms (cache miss)
495 http fetch GET 200 https://registry.npmjs.org/d3-path/-/d3-path-3.1.0.tgz 5964ms (cache miss)
496 http fetch GET 200 https://registry.npmjs.org/decimal.js-light/-/decimal.js-light-2.5.1.tgz 5979ms (cache miss)
497 http fetch GET 200 https://registry.npmjs.org/d3-time-format/-/d3-time-format-4.1.0.tgz 6004ms (cache miss)
498 http fetch GET 200 https://registry.npmjs.org/d3-shape/-/d3-shape-3.2.0.tgz 6011ms (cache miss)
499 http fetch GET 200 https://registry.npmjs.org/d3-interpolate/-/d3-interpolate-3.0.1.tgz 6049ms (cache miss)
500 http fetch GET 200 https://registry.npmjs.org/d3-color/-/d3-color-3.1.0.tgz 6090ms (cache miss)
501 http fetch GET 200 https://registry.npmjs.org/embla-carousel/-/embla-carousel-8.5.1.tgz 6117ms (cache miss)
502 http fetch GET 200 https://registry.npmjs.org/d3-ease/-/d3-ease-3.0.1.tgz 6126ms (cache miss)
503 http fetch GET 200 https://registry.npmjs.org/cssesc/-/cssesc-3.0.0.tgz 6130ms (cache miss)
504 http fetch GET 200 https://registry.npmjs.org/clsx/-/clsx-2.1.1.tgz 6176ms (cache miss)
505 http fetch GET 200 https://registry.npmjs.org/d3-array/-/d3-array-3.2.4.tgz 6255ms (cache miss)
506 http fetch GET 200 https://registry.npmjs.org/client-only/-/client-only-0.0.1.tgz 6255ms (cache miss)
507 http fetch GET 200 https://registry.npmjs.org/d3-format/-/d3-format-3.1.2.tgz 6312ms (cache miss)
508 http fetch GET 200 https://registry.npmjs.org/cmdk/-/cmdk-1.1.1.tgz 6327ms (cache miss)
509 http fetch GET 200 https://registry.npmjs.org/chokidar/-/chokidar-3.6.0.tgz 6327ms (cache miss)
510 http fetch GET 200 https://registry.npmjs.org/commander/-/commander-4.1.1.tgz 6367ms (cache miss)
511 http fetch GET 200 https://registry.npmjs.org/class-variance-authority/-/class-variance-authority-0.7.1.tgz 6403ms (cache miss)
512 http fetch GET 200 https://registry.npmjs.org/csstype/-/csstype-3.2.3.tgz 6463ms (cache miss)
513 http fetch GET 200 https://registry.npmjs.org/browserslist/-/browserslist-4.28.1.tgz 6469ms (cache miss)
514 http fetch GET 200 https://registry.npmjs.org/camelcase-css/-/camelcase-css-2.0.1.tgz 6516ms (cache miss)
515 http fetch GET 200 https://registry.npmjs.org/autoprefixer/-/autoprefixer-10.4.24.tgz 6606ms (cache miss)
516 http fetch GET 200 https://registry.npmjs.org/binary-extensions/-/binary-extensions-2.3.0.tgz 6610ms (cache miss)
517 http fetch GET 200 https://registry.npmjs.org/arg/-/arg-5.0.2.tgz 6615ms (cache miss)
518 http fetch GET 200 https://registry.npmjs.org/anymatch/-/anymatch-3.1.3.tgz 6640ms (cache miss)
519 http fetch GET 200 https://registry.npmjs.org/recharts/-/recharts-2.15.0.tgz 6718ms (cache miss)
520 http fetch GET 200 https://registry.npmjs.org/aria-hidden/-/aria-hidden-1.2.6.tgz 6676ms (cache miss)
521 http fetch GET 200 https://registry.npmjs.org/braces/-/braces-3.0.3.tgz 6710ms (cache miss)
522 http fetch GET 200 https://registry.npmjs.org/any-promise/-/any-promise-1.3.0.tgz 6745ms (cache miss)
523 http fetch GET 200 https://registry.npmjs.org/baseline-browser-mapping/-/baseline-browser-mapping-2.9.19.tgz 6861ms (cache miss)
524 http fetch GET 200 https://registry.npmjs.org/react-dom/-/react-dom-19.2.3.tgz 7006ms (cache miss)
525 http fetch GET 200 https://registry.npmjs.org/@types/d3-timer/-/d3-timer-3.0.2.tgz 7026ms (cache miss)
526 http fetch GET 200 https://registry.npmjs.org/@types/react-dom/-/react-dom-19.2.3.tgz 7082ms (cache miss)
527 http fetch GET 200 https://registry.npmjs.org/@types/react/-/react-19.2.7.tgz 7129ms (cache miss)
528 http fetch GET 200 https://registry.npmjs.org/@types/d3-shape/-/d3-shape-3.1.8.tgz 7145ms (cache miss)
529 http fetch GET 200 https://registry.npmjs.org/@types/d3-time/-/d3-time-3.0.4.tgz 7162ms (cache miss)
530 http fetch GET 200 https://registry.npmjs.org/@types/d3-scale/-/d3-scale-4.0.9.tgz 7164ms (cache miss)
531 http fetch GET 200 https://registry.npmjs.org/@types/d3-path/-/d3-path-3.1.1.tgz 7290ms (cache miss)
532 http fetch GET 200 https://registry.npmjs.org/@types/d3-interpolate/-/d3-interpolate-3.0.4.tgz 7343ms (cache miss)
533 http fetch GET 200 https://registry.npmjs.org/@types/d3-array/-/d3-array-3.2.2.tgz 7407ms (cache miss)
534 http fetch GET 200 https://registry.npmjs.org/caniuse-lite/-/caniuse-lite-1.0.30001770.tgz 7511ms (cache miss)
535 http fetch GET 200 https://registry.npmjs.org/@types/d3-ease/-/d3-ease-3.0.2.tgz 7543ms (cache miss)
536 http fetch GET 200 https://registry.npmjs.org/@types/d3-color/-/d3-color-3.1.3.tgz 7624ms (cache miss)
537 http fetch GET 200 https://registry.npmjs.org/@types/node/-/node-22.19.11.tgz 7663ms (cache miss)
538 http fetch GET 200 https://registry.npmjs.org/@tailwindcss/oxide/-/oxide-4.1.18.tgz 7665ms (cache miss)
539 http fetch GET 200 https://registry.npmjs.org/@radix-ui/rect/-/rect-1.1.0.tgz 7691ms (cache miss)
540 http fetch GET 200 https://registry.npmjs.org/@radix-ui/react-use-rect/-/react-use-rect-1.1.0.tgz 7701ms (cache miss)
541 http fetch GET 200 https://registry.npmjs.org/@tailwindcss/postcss/-/postcss-4.1.18.tgz 7850ms (cache miss)
542 http fetch GET 200 https://registry.npmjs.org/@radix-ui/react-visually-hidden/-/react-visually-hidden-1.1.1.tgz 7921ms (cache miss)
543 http fetch GET 200 https://registry.npmjs.org/@tailwindcss/node/-/node-4.1.18.tgz 7953ms (cache miss)
544 http fetch GET 200 https://registry.npmjs.org/@radix-ui/react-use-layout-effect/-/react-use-layout-effect-1.1.0.tgz 8185ms (cache miss)
545 http fetch GET 200 https://registry.npmjs.org/@radix-ui/react-use-previous/-/react-use-previous-1.1.0.tgz 8187ms (cache miss)
546 http fetch GET 200 https://registry.npmjs.org/@radix-ui/react-use-size/-/react-use-size-1.1.0.tgz 8189ms (cache miss)
547 http fetch GET 200 https://registry.npmjs.org/@swc/helpers/-/helpers-0.5.15.tgz 8209ms (cache miss)
548 http fetch GET 200 https://registry.npmjs.org/@radix-ui/react-use-escape-keydown/-/react-use-escape-keydown-1.1.0.tgz 8213ms (cache miss)
549 http fetch GET 200 https://registry.npmjs.org/@radix-ui/react-tooltip/-/react-tooltip-1.1.6.tgz 8287ms (cache miss)
550 http fetch GET 200 https://registry.npmjs.org/@radix-ui/react-use-controllable-state/-/react-use-controllable-state-1.1.0.tgz 8423ms (cache miss)
551 http fetch GET 200 https://registry.npmjs.org/@radix-ui/react-use-callback-ref/-/react-use-callback-ref-1.1.0.tgz 8486ms (cache miss)
552 http fetch GET 200 https://registry.npmjs.org/@radix-ui/react-toggle/-/react-toggle-1.1.1.tgz 8507ms (cache miss)
553 http fetch GET 200 https://registry.npmjs.org/@radix-ui/react-toggle-group/-/react-toggle-group-1.1.1.tgz 8545ms (cache miss)
554 http fetch GET 200 https://registry.npmjs.org/@radix-ui/react-tabs/-/react-tabs-1.1.2.tgz 8693ms (cache miss)
555 http fetch GET 200 https://registry.npmjs.org/@radix-ui/react-slot/-/react-slot-1.1.1.tgz 8710ms (cache miss)
556 http fetch GET 200 https://registry.npmjs.org/@radix-ui/react-slider/-/react-slider-1.2.2.tgz 8811ms (cache miss)
557 http fetch GET 200 https://registry.npmjs.org/@radix-ui/react-switch/-/react-switch-1.1.2.tgz 8839ms (cache miss)
558 http fetch GET 200 https://registry.npmjs.org/@radix-ui/react-toast/-/react-toast-1.2.4.tgz 8850ms (cache miss)
559 http fetch GET 200 https://registry.npmjs.org/@radix-ui/react-roving-focus/-/react-roving-focus-1.1.1.tgz 8924ms (cache miss)
560 http fetch GET 200 https://registry.npmjs.org/@radix-ui/react-use-effect-event/-/react-use-effect-event-0.0.2.tgz 8982ms (cache miss)
561 http fetch GET 200 https://registry.npmjs.org/@radix-ui/react-scroll-area/-/react-scroll-area-1.2.2.tgz 9031ms (cache miss)
562 http fetch GET 200 https://registry.npmjs.org/@radix-ui/react-separator/-/react-separator-1.1.1.tgz 9055ms (cache miss)
563 http fetch GET 200 https://registry.npmjs.org/@radix-ui/react-radio-group/-/react-radio-group-1.2.2.tgz 9181ms (cache miss)
564 http fetch GET 200 https://registry.npmjs.org/@radix-ui/react-select/-/react-select-2.1.4.tgz 9343ms (cache miss)
565 http fetch GET 200 https://registry.npmjs.org/@radix-ui/react-progress/-/react-progress-1.1.1.tgz 9352ms (cache miss)
566 http fetch GET 200 https://registry.npmjs.org/@radix-ui/react-presence/-/react-presence-1.1.2.tgz 9374ms (cache miss)
567 http fetch GET 200 https://registry.npmjs.org/@radix-ui/react-popper/-/react-popper-1.2.1.tgz 9441ms (cache miss)
568 http fetch GET 200 https://registry.npmjs.org/@radix-ui/react-primitive/-/react-primitive-2.0.1.tgz 9516ms (cache miss)
569 http fetch GET 200 https://registry.npmjs.org/@radix-ui/react-navigation-menu/-/react-navigation-menu-1.2.3.tgz 9519ms (cache miss)
570 http fetch GET 200 https://registry.npmjs.org/@radix-ui/react-portal/-/react-portal-1.1.3.tgz 9658ms (cache miss)
571 http fetch GET 200 https://registry.npmjs.org/@radix-ui/react-label/-/react-label-2.1.1.tgz 9667ms (cache miss)
572 http fetch GET 200 https://registry.npmjs.org/@radix-ui/react-focus-scope/-/react-focus-scope-1.1.1.tgz 9837ms (cache miss)
573 http fetch GET 200 https://registry.npmjs.org/@radix-ui/react-popover/-/react-popover-1.1.4.tgz 9893ms (cache miss)
574 http fetch GET 200 https://registry.npmjs.org/@radix-ui/react-menu/-/react-menu-2.1.4.tgz 9915ms (cache miss)
575 http fetch GET 200 https://registry.npmjs.org/@radix-ui/react-hover-card/-/react-hover-card-1.1.4.tgz 9942ms (cache miss)
576 http fetch GET 200 https://registry.npmjs.org/@radix-ui/react-id/-/react-id-1.1.0.tgz 9970ms (cache miss)
577 http fetch GET 200 https://registry.npmjs.org/@radix-ui/react-focus-guards/-/react-focus-guards-1.1.1.tgz 10020ms (cache miss)
578 http fetch GET 200 https://registry.npmjs.org/@radix-ui/react-dismissable-layer/-/react-dismissable-layer-1.1.3.tgz 10019ms (cache miss)
579 http fetch GET 200 https://registry.npmjs.org/@radix-ui/react-direction/-/react-direction-1.1.0.tgz 10062ms (cache miss)
580 http fetch GET 200 https://registry.npmjs.org/@radix-ui/react-menubar/-/react-menubar-1.1.4.tgz 10163ms (cache miss)
581 http fetch GET 200 https://registry.npmjs.org/lucide-react/-/lucide-react-0.544.0.tgz 10318ms (cache miss)
582 http fetch GET 200 https://registry.npmjs.org/@radix-ui/react-dropdown-menu/-/react-dropdown-menu-2.1.4.tgz 10286ms (cache miss)
583 http fetch GET 200 https://registry.npmjs.org/@radix-ui/react-dialog/-/react-dialog-1.1.4.tgz 10332ms (cache miss)
584 http fetch GET 200 https://registry.npmjs.org/@radix-ui/react-context-menu/-/react-context-menu-2.2.4.tgz 10417ms (cache miss)
585 http fetch GET 200 https://registry.npmjs.org/@radix-ui/react-checkbox/-/react-checkbox-1.1.3.tgz 10472ms (cache miss)
586 http fetch GET 200 https://registry.npmjs.org/@radix-ui/react-context/-/react-context-1.1.1.tgz 10473ms (cache miss)
587 http fetch GET 200 https://registry.npmjs.org/@radix-ui/react-collection/-/react-collection-1.1.1.tgz 10525ms (cache miss)
588 http fetch GET 200 https://registry.npmjs.org/@radix-ui/react-avatar/-/react-avatar-1.1.2.tgz 10574ms (cache miss)
589 http fetch GET 200 https://registry.npmjs.org/@nodelib/fs.walk/-/fs.walk-1.2.8.tgz 10574ms (cache miss)
590 http fetch GET 200 https://registry.npmjs.org/@tailwindcss/oxide-win32-x64-msvc/-/oxide-win32-x64-msvc-4.1.18.tgz 10677ms (cache miss)
591 http fetch GET 200 https://registry.npmjs.org/@radix-ui/react-aspect-ratio/-/react-aspect-ratio-1.1.1.tgz 10729ms (cache miss)
592 http fetch GET 200 https://registry.npmjs.org/@radix-ui/react-collapsible/-/react-collapsible-1.1.2.tgz 10730ms (cache miss)
593 http fetch GET 200 https://registry.npmjs.org/@radix-ui/react-compose-refs/-/react-compose-refs-1.1.1.tgz 10728ms (cache miss)
594 http fetch GET 200 https://registry.npmjs.org/@nodelib/fs.stat/-/fs.stat-2.0.5.tgz 10756ms (cache miss)
595 http fetch GET 200 https://registry.npmjs.org/@jridgewell/resolve-uri/-/resolve-uri-3.1.2.tgz 10772ms (cache miss)
596 http fetch GET 200 https://registry.npmjs.org/@radix-ui/react-alert-dialog/-/react-alert-dialog-1.1.4.tgz 10795ms (cache miss)
597 http fetch GET 200 https://registry.npmjs.org/@nodelib/fs.scandir/-/fs.scandir-2.1.5.tgz 10870ms (cache miss)
598 http fetch GET 200 https://registry.npmjs.org/@jridgewell/sourcemap-codec/-/sourcemap-codec-1.5.5.tgz 10893ms (cache miss)
599 http fetch GET 200 https://registry.npmjs.org/@radix-ui/number/-/number-1.1.0.tgz 10912ms (cache miss)
600 http fetch GET 200 https://registry.npmjs.org/@radix-ui/primitive/-/primitive-1.1.1.tgz 10923ms (cache miss)
601 http fetch GET 200 https://registry.npmjs.org/lightningcss-win32-x64-msvc/-/lightningcss-win32-x64-msvc-1.30.2.tgz 11007ms (cache miss)
602 http fetch GET 200 https://registry.npmjs.org/@jridgewell/remapping/-/remapping-2.3.5.tgz 10950ms (cache miss)
603 http fetch GET 200 https://registry.npmjs.org/@radix-ui/react-arrow/-/react-arrow-1.1.1.tgz 10975ms (cache miss)
604 http fetch GET 200 https://registry.npmjs.org/@jridgewell/trace-mapping/-/trace-mapping-0.3.31.tgz 10998ms (cache miss)
605 http fetch GET 200 https://registry.npmjs.org/@jridgewell/gen-mapping/-/gen-mapping-0.3.13.tgz 11190ms (cache miss)
606 http fetch GET 200 https://registry.npmjs.org/@radix-ui/react-accordion/-/react-accordion-1.2.2.tgz 11196ms (cache miss)
607 http fetch GET 200 https://registry.npmjs.org/@floating-ui/utils/-/utils-0.2.10.tgz 11280ms (cache miss)
608 http fetch GET 200 https://registry.npmjs.org/postcss/-/postcss-8.4.31.tgz 11350ms (cache miss)
609 http fetch GET 200 https://registry.npmjs.org/typescript/-/typescript-5.7.3.tgz 11519ms (cache miss)
610 http fetch GET 200 https://registry.npmjs.org/@next/env/-/env-16.1.6.tgz 11437ms (cache miss)
611 http fetch GET 200 https://registry.npmjs.org/glob-parent/-/glob-parent-5.1.2.tgz 11459ms (cache miss)
612 http fetch GET 200 https://registry.npmjs.org/@floating-ui/core/-/core-1.7.4.tgz 11475ms (cache miss)
613 http fetch GET 200 https://registry.npmjs.org/picomatch/-/picomatch-4.0.3.tgz 11476ms (cache miss)
614 http fetch GET 200 https://registry.npmjs.org/@babel/runtime/-/runtime-7.28.6.tgz 11520ms (cache miss)
615 http fetch GET 200 https://registry.npmjs.org/@img/colour/-/colour-1.0.0.tgz 11527ms (cache miss)
616 http fetch GET 200 https://registry.npmjs.org/react-is/-/react-is-16.13.1.tgz 11539ms (cache miss)
617 http fetch GET 200 https://registry.npmjs.org/@floating-ui/dom/-/dom-1.7.5.tgz 11546ms (cache miss)
618 http fetch GET 200 https://registry.npmjs.org/jiti/-/jiti-1.21.7.tgz 11547ms (cache miss)
619 http fetch GET 200 https://registry.npmjs.org/@emnapi/runtime/-/runtime-1.8.1.tgz 11575ms (cache miss)
620 http fetch GET 200 https://registry.npmjs.org/@alloc/quick-lru/-/quick-lru-5.2.0.tgz 11633ms (cache miss)
621 http fetch GET 200 https://registry.npmjs.org/@radix-ui/react-use-layout-effect/-/react-use-layout-effect-1.1.1.tgz 11682ms (cache miss)
622 http fetch GET 200 https://registry.npmjs.org/@floating-ui/react-dom/-/react-dom-2.1.7.tgz 11773ms (cache miss)
623 http fetch GET 200 https://registry.npmjs.org/@radix-ui/react-use-escape-keydown/-/react-use-escape-keydown-1.1.1.tgz 11797ms (cache miss)
624 http fetch GET 200 https://registry.npmjs.org/@radix-ui/react-presence/-/react-presence-1.1.5.tgz 11836ms (cache miss)
625 http fetch GET 200 https://registry.npmjs.org/@hookform/resolvers/-/resolvers-3.10.0.tgz 11847ms (cache miss)
626 http fetch GET 200 https://registry.npmjs.org/@radix-ui/react-portal/-/react-portal-1.1.9.tgz 11904ms (cache miss)
627 http fetch GET 200 https://registry.npmjs.org/@radix-ui/react-primitive/-/react-primitive-2.1.4.tgz 11906ms (cache miss)
628 http fetch GET 200 https://registry.npmjs.org/@radix-ui/react-slot/-/react-slot-1.2.3.tgz 11915ms (cache miss)
629 http fetch GET 200 https://registry.npmjs.org/@radix-ui/react-use-callback-ref/-/react-use-callback-ref-1.1.1.tgz 11930ms (cache miss)
630 http fetch GET 200 https://registry.npmjs.org/date-fns/-/date-fns-4.1.0.tgz 12010ms (cache miss)
631 http fetch GET 200 https://registry.npmjs.org/@radix-ui/react-use-controllable-state/-/react-use-controllable-state-1.2.2.tgz 11975ms (cache miss)
632 http fetch GET 200 https://registry.npmjs.org/@radix-ui/react-slot/-/react-slot-1.2.4.tgz 11988ms (cache miss)
633 http fetch GET 200 https://registry.npmjs.org/glob-parent/-/glob-parent-5.1.2.tgz 12034ms (cache miss)
634 http fetch GET 200 https://registry.npmjs.org/@radix-ui/react-id/-/react-id-1.1.1.tgz 12038ms (cache miss)
635 http fetch GET 200 https://registry.npmjs.org/@radix-ui/react-focus-guards/-/react-focus-guards-1.1.3.tgz 12070ms (cache miss)
636 http fetch GET 200 https://registry.npmjs.org/@radix-ui/react-primitive/-/react-primitive-2.1.3.tgz 12082ms (cache miss)
637 http fetch GET 200 https://registry.npmjs.org/@radix-ui/react-primitive/-/react-primitive-2.1.3.tgz 12090ms (cache miss)
638 http fetch GET 200 https://registry.npmjs.org/@radix-ui/react-primitive/-/react-primitive-2.1.3.tgz 12133ms (cache miss)
639 http fetch GET 200 https://registry.npmjs.org/@radix-ui/react-focus-scope/-/react-focus-scope-1.1.7.tgz 12200ms (cache miss)
640 http fetch GET 200 https://registry.npmjs.org/tailwindcss/-/tailwindcss-4.1.18.tgz 12196ms (cache miss)
641 http fetch GET 200 https://registry.npmjs.org/lodash 11617ms (cache miss)
642 silly packumentCache corgi:https://registry.npmjs.org/lodash set size:undefined disposed:false
643 http fetch GET 200 https://registry.npmjs.org/@radix-ui/react-use-layout-effect/-/react-use-layout-effect-1.1.1.tgz 12230ms (cache miss)
644 http fetch GET 200 https://registry.npmjs.org/tailwindcss/-/tailwindcss-4.1.18.tgz 12249ms (cache miss)
645 http fetch GET 200 https://registry.npmjs.org/@radix-ui/react-primitive/-/react-primitive-2.1.3.tgz 12265ms (cache miss)
646 http fetch GET 200 https://registry.npmjs.org/postcss 11698ms (cache miss)
647 silly packumentCache corgi:https://registry.npmjs.org/postcss set size:undefined disposed:false
648 http fetch GET 200 https://registry.npmjs.org/@radix-ui/react-dismissable-layer/-/react-dismissable-layer-1.1.11.tgz 12315ms (cache miss)
649 http fetch GET 200 https://registry.npmjs.org/@radix-ui/react-dialog/-/react-dialog-1.1.15.tgz 12346ms (cache miss)
650 http fetch GET 200 https://registry.npmjs.org/picomatch 11768ms (cache miss)
651 silly packumentCache corgi:https://registry.npmjs.org/picomatch set size:undefined disposed:false
652 http fetch GET 200 https://registry.npmjs.org/@radix-ui/primitive/-/primitive-1.1.3.tgz 12382ms (cache miss)
653 http fetch GET 200 https://registry.npmjs.org/@radix-ui/react-compose-refs/-/react-compose-refs-1.1.2.tgz 12439ms (cache miss)
654 http fetch GET 200 https://registry.npmjs.org/@radix-ui/react-context/-/react-context-1.1.2.tgz 12511ms (cache miss)
655 http fetch GET 200 https://registry.npmjs.org/next 17226ms (cache miss)
656 silly packumentCache corgi:https://registry.npmjs.org/next set size:undefined disposed:false
657 silly packumentCache corgi:https://registry.npmjs.org/recharts cache-miss
658 http fetch GET 200 https://registry.npmjs.org/recharts 168ms (cache miss)
659 silly packumentCache corgi:https://registry.npmjs.org/recharts set size:undefined disposed:false
660 silly packumentCache corgi:https://registry.npmjs.org/@tailwindcss%2fpostcss cache-miss
661 silly packumentCache corgi:https://registry.npmjs.org/tailwindcss cache-miss
662 http fetch GET 200 https://registry.npmjs.org/@tailwindcss%2fpostcss 626ms (cache miss)
663 silly packumentCache corgi:https://registry.npmjs.org/@tailwindcss%2fpostcss set size:undefined disposed:false
664 http fetch GET 200 https://registry.npmjs.org/tailwindcss 2787ms (cache miss)
665 silly packumentCache corgi:https://registry.npmjs.org/tailwindcss set size:undefined disposed:false
666 silly packumentCache corgi:https://registry.npmjs.org/anymatch cache-miss
667 silly packumentCache corgi:https://registry.npmjs.org/micromatch cache-miss
668 silly packumentCache corgi:https://registry.npmjs.org/readdirp cache-miss
669 http fetch GET 200 https://registry.npmjs.org/anymatch 93ms (cache miss)
670 silly packumentCache corgi:https://registry.npmjs.org/anymatch set size:undefined disposed:false
671 http fetch GET 200 https://registry.npmjs.org/micromatch 96ms (cache miss)
672 silly packumentCache corgi:https://registry.npmjs.org/micromatch set size:undefined disposed:false
673 http fetch GET 200 https://registry.npmjs.org/readdirp 158ms (cache miss)
674 silly packumentCache corgi:https://registry.npmjs.org/readdirp set size:undefined disposed:false
675 silly packumentCache corgi:https://registry.npmjs.org/tinyglobby cache-miss
676 http fetch GET 200 https://registry.npmjs.org/tinyglobby 143ms (cache miss)
677 silly packumentCache corgi:https://registry.npmjs.org/tinyglobby set size:undefined disposed:false
678 http fetch GET 200 https://registry.npmjs.org/@img/sharp-win32-x64/-/sharp-win32-x64-0.34.5.tgz 22693ms (cache miss)
679 http fetch GET 200 https://registry.npmjs.org/next/-/next-16.1.6.tgz 28688ms (cache miss)
680 http fetch GET 200 https://registry.npmjs.org/@next/swc-win32-x64-msvc/-/swc-win32-x64-msvc-16.1.6.tgz 35429ms (cache miss)
681 info run sharp@0.34.5 install node_modules/sharp node install/check.js || npm run build
682 info run sharp@0.34.5 install { code: 1, signal: null }
683 verbose reify failed optional dependency C:\Users\gujar\Desktop\Capgemini_Project\frontend\node_modules\sharp
684 silly reify mark deleted [
684 silly reify   'C:\\Users\\gujar\\Desktop\\Capgemini_Project\\frontend\\node_modules\\sharp'
684 silly reify ]
685 verbose reify failed optional dependency C:\Users\gujar\Desktop\Capgemini_Project\frontend\node_modules\@img\colour
686 silly reify mark deleted [
686 silly reify   'C:\\Users\\gujar\\Desktop\\Capgemini_Project\\frontend\\node_modules\\@img\\colour'
686 silly reify ]
687 verbose reify failed optional dependency C:\Users\gujar\Desktop\Capgemini_Project\frontend\node_modules\semver
688 silly reify mark deleted [
688 silly reify   'C:\\Users\\gujar\\Desktop\\Capgemini_Project\\frontend\\node_modules\\semver',
688 silly reify   'C:\\Users\\gujar\\Desktop\\Capgemini_Project\\frontend\\node_modules\\.bin\\semver',
688 silly reify   'C:\\Users\\gujar\\Desktop\\Capgemini_Project\\frontend\\node_modules\\.bin\\semver.cmd',
688 silly reify   'C:\\Users\\gujar\\Desktop\\Capgemini_Project\\frontend\\node_modules\\.bin\\semver.ps1'
688 silly reify ]
689 silly ADD node_modules/zod
690 silly ADD node_modules/victory-vendor
691 silly ADD node_modules/vaul
692 silly ADD node_modules/util-deprecate
693 silly ADD node_modules/use-sidecar
694 silly ADD node_modules/use-callback-ref
695 silly ADD node_modules/update-browserslist-db
696 silly ADD node_modules/undici-types
697 silly ADD node_modules/typescript
698 silly ADD node_modules/tslib
699 silly ADD node_modules/ts-interface-checker
700 silly ADD node_modules/to-regex-range
701 silly ADD node_modules/tinyglobby
702 silly ADD node_modules/tinyglobby/node_modules/picomatch
703 silly ADD node_modules/tiny-invariant
704 silly ADD node_modules/thenify-all
705 silly ADD node_modules/thenify
706 silly ADD node_modules/tapable
707 silly ADD node_modules/tailwindcss-animate
708 silly ADD node_modules/tailwindcss
709 silly ADD node_modules/tailwindcss/node_modules/jiti
710 silly ADD node_modules/tailwind-merge
711 silly ADD node_modules/supports-preserve-symlinks-flag
712 silly ADD node_modules/sucrase
713 silly ADD node_modules/styled-jsx
714 silly ADD node_modules/source-map-js
715 silly ADD node_modules/sonner
716 silly ADD
717 silly ADD
718 silly ADD node_modules/scheduler
719 silly ADD node_modules/run-parallel
720 silly ADD node_modules/reusify
721 silly ADD node_modules/resolve
722 silly ADD node_modules/recharts-scale
723 silly ADD node_modules/recharts
724 silly ADD node_modules/readdirp
725 silly ADD node_modules/read-cache
726 silly ADD node_modules/react-transition-group
727 silly ADD node_modules/react-style-singleton
728 silly ADD node_modules/react-smooth
729 silly ADD node_modules/react-resizable-panels
730 silly ADD node_modules/react-remove-scroll-bar
731 silly ADD node_modules/react-remove-scroll
732 silly ADD node_modules/react-is
733 silly ADD node_modules/react-hook-form
734 silly ADD node_modules/react-dom
735 silly ADD node_modules/react-day-picker
736 silly ADD node_modules/react
737 silly ADD node_modules/queue-microtask
738 silly ADD node_modules/prop-types
739 silly ADD node_modules/prop-types/node_modules/react-is
740 silly ADD node_modules/postcss-value-parser
741 silly ADD node_modules/postcss-selector-parser
742 silly ADD node_modules/postcss-nested
743 silly ADD node_modules/postcss-load-config
744 silly ADD node_modules/postcss-js
745 silly ADD node_modules/postcss-import
746 silly ADD node_modules/postcss
747 silly ADD node_modules/pirates
748 silly ADD node_modules/pify
749 silly ADD node_modules/picomatch
750 silly ADD node_modules/picocolors
751 silly ADD node_modules/path-parse
752 silly ADD node_modules/object-hash
753 silly ADD node_modules/object-assign
754 silly ADD node_modules/normalize-path
755 silly ADD node_modules/node-releases
756 silly ADD node_modules/next-themes
757 silly ADD node_modules/next
758 silly ADD node_modules/next/node_modules/postcss
759 silly ADD node_modules/nanoid
760 silly ADD node_modules/mz
761 silly ADD node_modules/micromatch
762 silly ADD node_modules/merge2
763 silly ADD node_modules/magic-string
764 silly ADD node_modules/lucide-react
765 silly ADD node_modules/loose-envify
766 silly ADD node_modules/lodash
767 silly ADD node_modules/lines-and-columns
768 silly ADD node_modules/lilconfig
769 silly ADD node_modules/lightningcss-win32-x64-msvc
770 silly ADD
771 silly ADD
772 silly ADD
773 silly ADD
774 silly ADD
775 silly ADD
776 silly ADD
777 silly ADD
778 silly ADD
779 silly ADD
780 silly ADD node_modules/lightningcss
781 silly ADD node_modules/js-tokens
782 silly ADD node_modules/jiti
783 silly ADD node_modules/is-number
784 silly ADD node_modules/is-glob
785 silly ADD node_modules/is-extglob
786 silly ADD node_modules/is-core-module
787 silly ADD node_modules/is-binary-path
788 silly ADD node_modules/internmap
789 silly ADD node_modules/input-otp
790 silly ADD node_modules/hasown
791 silly ADD node_modules/graceful-fs
792 silly ADD node_modules/glob-parent
793 silly ADD node_modules/get-nonce
794 silly ADD node_modules/function-bind
795 silly ADD
796 silly ADD node_modules/fraction.js
797 silly ADD node_modules/fill-range
798 silly ADD node_modules/fdir
799 silly ADD node_modules/fastq
800 silly ADD node_modules/fast-glob
801 silly ADD node_modules/fast-glob/node_modules/glob-parent
802 silly ADD node_modules/fast-equals
803 silly ADD node_modules/eventemitter3
804 silly ADD node_modules/escalade
805 silly ADD node_modules/enhanced-resolve
806 silly ADD node_modules/embla-carousel-reactive-utils
807 silly ADD node_modules/embla-carousel-react
808 silly ADD node_modules/embla-carousel
809 silly ADD node_modules/electron-to-chromium
810 silly ADD node_modules/dom-helpers
811 silly ADD node_modules/dlv
812 silly ADD node_modules/didyoumean
813 silly ADD node_modules/detect-node-es
814 silly ADD node_modules/detect-libc
815 silly ADD node_modules/decimal.js-light
816 silly ADD node_modules/date-fns
817 silly ADD node_modules/d3-timer
818 silly ADD node_modules/d3-time-format
819 silly ADD node_modules/d3-time
820 silly ADD node_modules/d3-shape
821 silly ADD node_modules/d3-scale
822 silly ADD node_modules/d3-path
823 silly ADD node_modules/d3-interpolate
824 silly ADD node_modules/d3-format
825 silly ADD node_modules/d3-ease
826 silly ADD node_modules/d3-color
827 silly ADD node_modules/d3-array
828 silly ADD node_modules/csstype
829 silly ADD node_modules/cssesc
830 silly ADD node_modules/commander
831 silly ADD node_modules/cmdk
832 silly ADD node_modules/cmdk/node_modules/@radix-ui/react-use-layout-effect
833 silly ADD node_modules/cmdk/node_modules/@radix-ui/react-use-escape-keydown
834 silly ADD node_modules/cmdk/node_modules/@radix-ui/react-use-controllable-state
835 silly ADD node_modules/cmdk/node_modules/@radix-ui/react-use-callback-ref
836 silly ADD node_modules/cmdk/node_modules/@radix-ui/react-slot
837 silly ADD node_modules/cmdk/node_modules/@radix-ui/react-primitive
838 silly ADD node_modules/cmdk/node_modules/@radix-ui/react-primitive/node_modules/@radix-ui/react-slot
839 silly ADD node_modules/cmdk/node_modules/@radix-ui/react-presence
840 silly ADD node_modules/cmdk/node_modules/@radix-ui/react-portal
841 silly ADD node_modules/cmdk/node_modules/@radix-ui/react-portal/node_modules/@radix-ui/react-primitive
842 silly ADD node_modules/cmdk/node_modules/@radix-ui/react-id
843 silly ADD node_modules/cmdk/node_modules/@radix-ui/react-focus-scope
844 silly ADD node_modules/cmdk/node_modules/@radix-ui/react-focus-scope/node_modules/@radix-ui/react-primitive
845 silly ADD node_modules/cmdk/node_modules/@radix-ui/react-focus-guards
846 silly ADD node_modules/cmdk/node_modules/@radix-ui/react-dismissable-layer
847 silly ADD node_modules/cmdk/node_modules/@radix-ui/react-dismissable-layer/node_modules/@radix-ui/react-primitive
848 silly ADD node_modules/cmdk/node_modules/@radix-ui/react-dialog
849 silly ADD node_modules/cmdk/node_modules/@radix-ui/react-dialog/node_modules/@radix-ui/react-primitive
850 silly ADD node_modules/cmdk/node_modules/@radix-ui/react-context
851 silly ADD node_modules/cmdk/node_modules/@radix-ui/react-compose-refs
852 silly ADD node_modules/cmdk/node_modules/@radix-ui/primitive
853 silly ADD node_modules/clsx
854 silly ADD node_modules/client-only
855 silly ADD node_modules/class-variance-authority
856 silly ADD node_modules/chokidar
857 silly ADD node_modules/chokidar/node_modules/glob-parent
858 silly ADD node_modules/caniuse-lite
859 silly ADD node_modules/camelcase-css
860 silly ADD node_modules/browserslist
861 silly ADD node_modules/braces
862 silly ADD node_modules/binary-extensions
863 silly ADD node_modules/baseline-browser-mapping
864 silly ADD node_modules/autoprefixer
865 silly ADD node_modules/aria-hidden
866 silly ADD node_modules/arg
867 silly ADD node_modules/anymatch
868 silly ADD node_modules/any-promise
869 silly ADD node_modules/@types/react-dom
870 silly ADD node_modules/@types/react
871 silly ADD node_modules/@types/node
872 silly ADD node_modules/@types/d3-timer
873 silly ADD node_modules/@types/d3-time
874 silly ADD node_modules/@types/d3-shape
875 silly ADD node_modules/@types/d3-scale
876 silly ADD node_modules/@types/d3-path
877 silly ADD node_modules/@types/d3-interpolate
878 silly ADD node_modules/@types/d3-ease
879 silly ADD node_modules/@types/d3-color
880 silly ADD node_modules/@types/d3-array
881 silly ADD node_modules/@tailwindcss/postcss
882 silly ADD node_modules/@tailwindcss/postcss/node_modules/tailwindcss
883 silly ADD node_modules/@tailwindcss/oxide-win32-x64-msvc
884 silly ADD
885 silly ADD
886 silly ADD
887 silly ADD
888 silly ADD
889 silly ADD
890 silly ADD
891 silly ADD
892 silly ADD
893 silly ADD
894 silly ADD
895 silly ADD node_modules/@tailwindcss/oxide
896 silly ADD node_modules/@tailwindcss/node
897 silly ADD node_modules/@tailwindcss/node/node_modules/tailwindcss
898 silly ADD node_modules/@swc/helpers
899 silly ADD node_modules/@radix-ui/rect
900 silly ADD node_modules/@radix-ui/react-visually-hidden
901 silly ADD node_modules/@radix-ui/react-use-size
902 silly ADD node_modules/@radix-ui/react-use-rect
903 silly ADD node_modules/@radix-ui/react-use-previous
904 silly ADD node_modules/@radix-ui/react-use-layout-effect
905 silly ADD node_modules/@radix-ui/react-use-escape-keydown
906 silly ADD node_modules/@radix-ui/react-use-effect-event
907 silly ADD node_modules/@radix-ui/react-use-effect-event/node_modules/@radix-ui/react-use-layout-effect
908 silly ADD node_modules/@radix-ui/react-use-controllable-state
909 silly ADD node_modules/@radix-ui/react-use-callback-ref
910 silly ADD node_modules/@radix-ui/react-tooltip
911 silly ADD node_modules/@radix-ui/react-toggle-group
912 silly ADD node_modules/@radix-ui/react-toggle
913 silly ADD node_modules/@radix-ui/react-toast
914 silly ADD node_modules/@radix-ui/react-tabs
915 silly ADD node_modules/@radix-ui/react-switch
916 silly ADD node_modules/@radix-ui/react-slot
917 silly ADD node_modules/@radix-ui/react-slider
918 silly ADD node_modules/@radix-ui/react-separator
919 silly ADD node_modules/@radix-ui/react-select
920 silly ADD node_modules/@radix-ui/react-scroll-area
921 silly ADD node_modules/@radix-ui/react-roving-focus
922 silly ADD node_modules/@radix-ui/react-radio-group
923 silly ADD node_modules/@radix-ui/react-progress
924 silly ADD node_modules/@radix-ui/react-primitive
925 silly ADD node_modules/@radix-ui/react-presence
926 silly ADD node_modules/@radix-ui/react-portal
927 silly ADD node_modules/@radix-ui/react-popper
928 silly ADD node_modules/@radix-ui/react-popover
929 silly ADD node_modules/@radix-ui/react-navigation-menu
930 silly ADD node_modules/@radix-ui/react-menubar
931 silly ADD node_modules/@radix-ui/react-menu
932 silly ADD node_modules/@radix-ui/react-label
933 silly ADD node_modules/@radix-ui/react-id
934 silly ADD node_modules/@radix-ui/react-hover-card
935 silly ADD node_modules/@radix-ui/react-focus-scope
936 silly ADD node_modules/@radix-ui/react-focus-guards
937 silly ADD node_modules/@radix-ui/react-dropdown-menu
938 silly ADD node_modules/@radix-ui/react-dismissable-layer
939 silly ADD node_modules/@radix-ui/react-direction
940 silly ADD node_modules/@radix-ui/react-dialog
941 silly ADD node_modules/@radix-ui/react-context-menu
942 silly ADD node_modules/@radix-ui/react-context
943 silly ADD node_modules/@radix-ui/react-compose-refs
944 silly ADD node_modules/@radix-ui/react-collection
945 silly ADD node_modules/@radix-ui/react-collapsible
946 silly ADD node_modules/@radix-ui/react-checkbox
947 silly ADD node_modules/@radix-ui/react-avatar
948 silly ADD node_modules/@radix-ui/react-aspect-ratio
949 silly ADD node_modules/@radix-ui/react-arrow
950 silly ADD node_modules/@radix-ui/react-alert-dialog
951 silly ADD node_modules/@radix-ui/react-accordion
952 silly ADD node_modules/@radix-ui/primitive
953 silly ADD node_modules/@radix-ui/number
954 silly ADD node_modules/@nodelib/fs.walk
955 silly ADD node_modules/@nodelib/fs.stat
956 silly ADD node_modules/@nodelib/fs.scandir
957 silly ADD node_modules/@next/swc-win32-x64-msvc
958 silly ADD
959 silly ADD
960 silly ADD
961 silly ADD
962 silly ADD
963 silly ADD
964 silly ADD
965 silly ADD node_modules/@next/env
966 silly ADD node_modules/@jridgewell/trace-mapping
967 silly ADD node_modules/@jridgewell/sourcemap-codec
968 silly ADD node_modules/@jridgewell/resolve-uri
969 silly ADD node_modules/@jridgewell/remapping
970 silly ADD node_modules/@jridgewell/gen-mapping
971 silly ADD node_modules/@img/sharp-win32-x64
972 silly ADD
973 silly ADD
974 silly ADD
975 silly ADD
976 silly ADD
977 silly ADD
978 silly ADD
979 silly ADD
980 silly ADD
981 silly ADD
982 silly ADD
983 silly ADD
984 silly ADD
985 silly ADD
986 silly ADD
987 silly ADD
988 silly ADD
989 silly ADD
990 silly ADD
991 silly ADD
992 silly ADD
993 silly ADD
994 silly ADD
995 silly ADD
996 silly ADD node_modules/@hookform/resolvers
997 silly ADD node_modules/@floating-ui/utils
998 silly ADD node_modules/@floating-ui/react-dom
999 silly ADD node_modules/@floating-ui/dom
1000 silly ADD node_modules/@floating-ui/core
1001 silly ADD node_modules/@emnapi/runtime
1002 silly ADD node_modules/@babel/runtime
1003 silly ADD node_modules/@alloc/quick-lru
1004 verbose cwd C:\Users\gujar\Desktop\Capgemini_Project\frontend
1005 verbose os Windows_NT 10.0.26200
1006 verbose node v20.19.0
1007 verbose npm  v10.8.2
1008 verbose exit 0
1009 info ok
